SET @seed_now = NOW();
SET @seed_date = DATE_FORMAT(@seed_now, '%Y%m%d');

-- 基础字典数据
INSERT INTO clinic_dept (id, dept_code, dept_name, enabled, deleted, version)
VALUES (1, 'EMERGENCY', '急诊科', 1, 0, 0),
       (2, 'PEDIATRICS', '儿科', 1, 0, 0),
       (3, 'OBSTETRICS', '妇产科', 1, 0, 0),
       (4, 'GENERAL', '全科门诊', 1, 0, 0),
       (5, 'CARDIOLOGY', '心内科', 1, 0, 0),
       (6, 'RESPIRATORY', '呼吸内科', 1, 0, 0),
       (7, 'NEUROLOGY', '神经内科', 1, 0, 0),
       (8, 'ORTHOPEDICS', '骨科', 1, 0, 0)
ON DUPLICATE KEY UPDATE
       dept_code = VALUES(dept_code),
       dept_name = VALUES(dept_name),
       enabled = VALUES(enabled),
       deleted = VALUES(deleted),
       version = VALUES(version);

INSERT INTO clinic_room (id, dept_id, room_code, room_name, doctor_name, enabled, deleted, version)
VALUES (1, 1, 'EMG-01', '急诊1诊室', '张医生', 1, 0, 0),
       (2, 1, 'EMG-02', '急诊2诊室', '陈医生', 1, 0, 0),
       (3, 1, 'EMG-03', '急诊3诊室', '黄医生', 1, 0, 0),
       (4, 2, 'PED-01', '儿科1诊室', '李医生', 1, 0, 0),
       (5, 2, 'PED-02', '儿科2诊室', '周医生', 1, 0, 0),
       (6, 2, 'PED-03', '儿科3诊室', '许医生', 1, 0, 0),
       (7, 3, 'OBS-01', '妇产1诊室', '王医生', 1, 0, 0),
       (8, 3, 'OBS-02', '妇产2诊室', '孙医生', 1, 0, 0),
       (9, 3, 'OBS-03', '妇产3诊室', '何医生', 1, 0, 0),
       (10, 4, 'GEN-01', '全科1诊室', '赵医生', 1, 0, 0),
       (11, 4, 'GEN-02', '全科2诊室', '刘医生', 1, 0, 0),
       (12, 4, 'GEN-03', '全科3诊室', '郑医生', 1, 0, 0),
       (13, 5, 'CAR-01', '心内1诊室', '吴医生', 1, 0, 0),
       (14, 5, 'CAR-02', '心内2诊室', '冯医生', 1, 0, 0),
       (15, 6, 'RES-01', '呼吸1诊室', '谢医生', 1, 0, 0),
       (16, 6, 'RES-02', '呼吸2诊室', '蒋医生', 1, 0, 0),
       (17, 7, 'NEU-01', '神内1诊室', '唐医生', 1, 0, 0),
       (18, 8, 'ORT-01', '骨科1诊室', '罗医生', 1, 0, 0)
ON DUPLICATE KEY UPDATE
       dept_id = VALUES(dept_id),
       room_code = VALUES(room_code),
       room_name = VALUES(room_name),
       doctor_name = VALUES(doctor_name),
       enabled = VALUES(enabled),
       deleted = VALUES(deleted),
       version = VALUES(version);

INSERT INTO triage_rule (id, rule_code, rule_name, symptom_keyword, triage_level, recommend_dept_id, special_weight, fast_track, enabled, deleted, version)
VALUES (1, 'RULE_EMERG_CHEST_PAIN', '胸痛急诊优先', '胸痛', 1, 1, 100, 1, 1, 0, 0),
       (2, 'RULE_EMERG_DYSPNEA', '呼吸困难急诊优先', '呼吸困难', 1, 1, 100, 1, 1, 0, 0),
       (3, 'RULE_EMERG_UNCONSCIOUS', '意识不清急诊优先', '意识不清', 1, 1, 120, 1, 1, 0, 0),
       (4, 'RULE_EMERG_COMA', '昏迷急诊优先', '昏迷', 1, 1, 120, 1, 1, 0, 0),
       (5, 'RULE_EMERG_CONVULSION', '抽搐急诊优先', '抽搐', 1, 1, 110, 1, 1, 0, 0),
       (6, 'RULE_EMERG_SHOCK', '休克急诊优先', '休克', 1, 1, 120, 1, 1, 0, 0),
       (7, 'RULE_EMERG_HEMORRHAGE', '大出血急诊优先', '大出血', 1, 1, 120, 1, 1, 0, 0),
       (8, 'RULE_EMERG_STROKE', '偏瘫疑似卒中急诊优先', '偏瘫', 1, 1, 110, 1, 1, 0, 0),
       (9, 'RULE_EMERG_HEMATEMESIS', '呕血急诊优先', '呕血', 1, 1, 100, 1, 1, 0, 0),
       (10, 'RULE_EMERG_HEMOPTYSIS', '咯血急诊优先', '咯血', 1, 1, 100, 1, 1, 0, 0),
       (11, 'RULE_EMERG_TRAUMA', '外伤急诊分流', '外伤', 2, 1, 80, 1, 1, 0, 0),
       (12, 'RULE_EMERG_FRACTURE', '骨折急诊分流', '骨折', 2, 1, 80, 1, 1, 0, 0),
       (13, 'RULE_EMERG_HEAD_TRAUMA', '头部外伤急诊分流', '头部外伤', 2, 1, 90, 1, 1, 0, 0),
       (14, 'RULE_EMERG_BURN', '烧伤急诊分流', '烧伤', 2, 1, 85, 1, 1, 0, 0),
       (15, 'RULE_EMERG_POISONING', '中毒急诊分流', '中毒', 2, 1, 90, 1, 1, 0, 0),
       (16, 'RULE_EMERG_ALLERGY', '严重过敏急诊分流', '过敏', 2, 1, 75, 1, 1, 0, 0),
       (17, 'RULE_EMERG_SEVERE_ABDOMINAL_PAIN', '剧烈腹痛急诊分流', '剧烈腹痛', 2, 1, 70, 1, 1, 0, 0),
       (18, 'RULE_EMERG_DEHYDRATION', '脱水急诊分流', '脱水', 2, 1, 70, 1, 1, 0, 0),
       (67, 'RULE_EMERG_PERSISTENT_PALPITATION', '持续心悸急诊观察', '持续心悸,阵发性心慌', 3, 1, 58, 0, 1, 0, 0),
       (68, 'RULE_EMERG_DIZZINESS_NAUSEA', '头晕伴恶心急诊观察', '头晕伴恶心,眩晕伴恶心', 3, 1, 50, 0, 1, 0, 0),
       (69, 'RULE_EMERG_PERSISTENT_HEADACHE', '持续头痛急诊观察', '持续头痛伴恶心,偏头痛发作', 3, 1, 48, 0, 1, 0, 0),
       (70, 'RULE_EMERG_MODERATE_ABDOMINAL_DISCOMFORT', '腹部不适急诊观察', '腹部隐痛,中上腹不适', 3, 1, 46, 0, 1, 0, 0),
       (71, 'RULE_EMERG_MILD_UPPER_RESPIRATORY', '鼻塞流涕急诊普通分诊', '鼻塞流涕,咽干鼻塞', 4, 1, 24, 0, 1, 0, 0),
       (72, 'RULE_EMERG_MILD_THROAT_DISCOMFORT', '轻度咽痛急诊普通分诊', '轻度咽痛,咽部异物感', 4, 1, 22, 0, 1, 0, 0),
       (73, 'RULE_EMERG_MILD_HEADACHE', '轻度头痛急诊普通分诊', '轻度头痛,头胀不适', 4, 1, 22, 0, 1, 0, 0),
       (74, 'RULE_EMERG_MILD_DIZZINESS', '轻度头晕急诊普通分诊', '轻度头晕,短暂眩晕', 4, 1, 20, 0, 1, 0, 0),
       (75, 'RULE_EMERG_MILD_GASTRO', '轻度胃肠不适急诊普通分诊', '轻度恶心,偶发腹泻', 4, 1, 18, 0, 1, 0, 0),
       (76, 'RULE_EMERG_MUSCLE_PAIN', '肌肉酸痛急诊普通分诊', '肌肉酸痛,四肢酸痛', 4, 1, 16, 0, 1, 0, 0),
       (19, 'RULE_PED_FEVER', '儿童/小儿发热儿科优先', '儿童发热,小儿发热,宝宝发热,幼儿发热', 3, 2, 35, 0, 1, 0, 0),
       (20, 'RULE_PED_COUGH', '儿童/小儿咳嗽儿科优先', '儿童咳嗽,小儿咳嗽,宝宝咳嗽,幼儿咳嗽', 3, 2, 25, 0, 1, 0, 0),
       (21, 'RULE_PED_VOMITING', '儿童/小儿呕吐儿科优先', '儿童呕吐,小儿呕吐,宝宝呕吐,幼儿呕吐', 3, 2, 30, 0, 1, 0, 0),
       (22, 'RULE_PED_DIARRHEA', '儿童/小儿腹泻儿科优先', '儿童腹泻,小儿腹泻,宝宝腹泻,幼儿腹泻', 3, 2, 30, 0, 1, 0, 0),
       (23, 'RULE_PED_HAND_FOOT_MOUTH', '手足口病儿科优先', '手足口,手足口病,儿童手足口,小儿手足口', 2, 2, 50, 1, 1, 0, 0),
       (24, 'RULE_PED_WHEEZE', '儿童喘息儿科快速分诊', '儿童喘息,小儿喘息,宝宝喘息,儿童喘憋,小儿喘憋', 2, 2, 55, 1, 1, 0, 0),
       (25, 'RULE_OBS_PREGNANT', '孕产妇绿色通道', '孕', 2, 3, 90, 1, 1, 0, 0),
       (26, 'RULE_OBS_BLEEDING', '孕期出血妇产急办', '阴道出血', 1, 3, 110, 1, 1, 0, 0),
       (27, 'RULE_OBS_SEE_RED', '见红妇产急办', '见红', 2, 3, 90, 1, 1, 0, 0),
       (28, 'RULE_OBS_RUPTURE', '破水妇产急办', '破水', 2, 3, 95, 1, 1, 0, 0),
       (29, 'RULE_OBS_CONTRACTION', '规律宫缩妇产优先', '宫缩', 2, 3, 85, 1, 1, 0, 0),
       (30, 'RULE_OBS_ABORTION', '先兆流产妇产优先', '先兆流产', 2, 3, 95, 1, 1, 0, 0),
       (31, 'RULE_OBS_FETAL_MOVEMENT', '胎动减少妇产优先', '胎动减少', 2, 3, 95, 1, 1, 0, 0),
       (32, 'RULE_GEN_DIZZINESS', '头晕全科分流', '头晕', 4, 4, 20, 0, 1, 0, 0),
       (33, 'RULE_GEN_FATIGUE', '乏力全科分流', '乏力', 4, 4, 15, 0, 1, 0, 0),
       (34, 'RULE_GEN_SORE_THROAT', '咽痛全科分流', '咽痛', 4, 4, 15, 0, 1, 0, 0),
       (35, 'RULE_GEN_RASH', '皮疹全科分流', '皮疹', 4, 4, 20, 0, 1, 0, 0),
       (36, 'RULE_GEN_HYPERTENSION', '血压升高全科分流', '血压高', 4, 4, 20, 0, 1, 0, 0),
       (37, 'RULE_GEN_PALPITATION', '心悸全科分流', '心悸', 3, 4, 35, 0, 1, 0, 0),
       (38, 'RULE_GEN_ABDOMINAL_PAIN', '普通腹痛全科分流', '腹痛', 3, 4, 35, 0, 1, 0, 0),
       (39, 'RULE_GEN_HEADACHE', '头痛全科分流', '头痛', 4, 4, 20, 0, 1, 0, 0),
       (40, 'RULE_GEN_SKIN_ITCHING', '皮肤瘙痒全科分流', '皮肤瘙痒', 4, 4, 10, 0, 1, 0, 0),
       (41, 'RULE_GEN_REVISIT', '复诊患者全科分流', '复诊', 4, 4, 10, 0, 1, 0, 0),
       (77, 'RULE_CARD_EXERTIONAL_CHEST_TIGHTNESS', '活动后胸闷心内科分流', '活动后胸闷,劳累后胸闷', 3, 5, 42, 0, 1, 0, 0),
       (78, 'RULE_CARD_INTERMITTENT_PALPITATION', '间断心悸心内科分流', '间断心悸,偶发心慌', 3, 5, 42, 0, 1, 0, 0),
       (79, 'RULE_CARD_PRECORDIAL_DISCOMFORT', '心前区不适心内科分流', '心前区不适,胸口隐痛', 4, 5, 28, 0, 1, 0, 0),
       (80, 'RULE_CARD_BP_FLUCTUATION', '血压波动心内科分流', '血压波动,反复血压升高', 4, 5, 26, 0, 1, 0, 0),
       (81, 'RULE_RESP_PERSISTENT_COUGH', '持续咳嗽呼吸内科分流', '持续咳嗽,反复咳嗽', 3, 6, 38, 0, 1, 0, 0),
       (82, 'RULE_RESP_COUGH_WITH_SPUTUM', '咳嗽咳痰呼吸内科分流', '咳嗽咳痰,黄痰咳嗽', 3, 6, 36, 0, 1, 0, 0),
       (83, 'RULE_RESP_NOCTURNAL_COUGH', '夜间咳嗽呼吸内科分流', '夜间咳嗽,晨起咳痰', 4, 6, 24, 0, 1, 0, 0),
       (84, 'RULE_RESP_ALLERGIC_COUGH', '过敏性咳嗽呼吸内科分流', '过敏性咳嗽,咽痒干咳', 4, 6, 24, 0, 1, 0, 0),
       (85, 'RULE_NEU_RECURRENT_HEADACHE', '反复头痛神经内科分流', '反复头痛,慢性头痛', 3, 7, 36, 0, 1, 0, 0),
       (86, 'RULE_NEU_VERTIGO_TINNITUS', '眩晕耳鸣神经内科分流', '眩晕耳鸣,头晕耳鸣', 3, 7, 34, 0, 1, 0, 0),
       (87, 'RULE_NEU_LIMB_NUMBNESS', '肢体麻木神经内科分流', '手脚发麻,肢体麻木', 3, 7, 34, 0, 1, 0, 0),
       (88, 'RULE_NEU_TREMOR', '震颤神经内科分流', '手抖震颤,静止性震颤', 4, 7, 22, 0, 1, 0, 0),
       (89, 'RULE_ORT_LUMBAR_STRAIN', '腰背酸痛骨科分流', '腰肌劳损,腰背酸痛', 3, 8, 34, 0, 1, 0, 0),
       (90, 'RULE_ORT_ANKLE_SPRAIN', '踝关节扭伤骨科分流', '脚踝扭伤,踝关节扭伤', 3, 8, 34, 0, 1, 0, 0),
       (91, 'RULE_ORT_KNEE_JOINT_PAIN', '膝关节痛骨科分流', '膝关节痛,膝盖酸痛', 4, 8, 22, 0, 1, 0, 0),
       (92, 'RULE_ORT_NECK_SHOULDER_PAIN', '颈肩疼痛骨科分流', '颈肩疼痛,肩颈酸痛', 4, 8, 22, 0, 1, 0, 0)
ON DUPLICATE KEY UPDATE
       rule_code = VALUES(rule_code),
       rule_name = VALUES(rule_name),
       symptom_keyword = VALUES(symptom_keyword),
       triage_level = VALUES(triage_level),
       recommend_dept_id = VALUES(recommend_dept_id),
       special_weight = VALUES(special_weight),
       fast_track = VALUES(fast_track),
       enabled = VALUES(enabled),
       deleted = VALUES(deleted),
       version = VALUES(version);

SET @dept_emergency := (SELECT id FROM clinic_dept WHERE dept_code = 'EMERGENCY' LIMIT 1);
SET @dept_pediatrics := (SELECT id FROM clinic_dept WHERE dept_code = 'PEDIATRICS' LIMIT 1);
SET @dept_obstetrics := (SELECT id FROM clinic_dept WHERE dept_code = 'OBSTETRICS' LIMIT 1);
SET @dept_general := (SELECT id FROM clinic_dept WHERE dept_code = 'GENERAL' LIMIT 1);
SET @dept_cardiology := (SELECT id FROM clinic_dept WHERE dept_code = 'CARDIOLOGY' LIMIT 1);
SET @dept_respiratory := (SELECT id FROM clinic_dept WHERE dept_code = 'RESPIRATORY' LIMIT 1);
SET @dept_neurology := (SELECT id FROM clinic_dept WHERE dept_code = 'NEUROLOGY' LIMIT 1);
SET @dept_orthopedics := (SELECT id FROM clinic_dept WHERE dept_code = 'ORTHOPEDICS' LIMIT 1);

INSERT INTO triage_rule (
       rule_code,
       rule_name,
       symptom_keyword,
       triage_level,
       recommend_dept_id,
       special_weight,
       fast_track,
       enabled,
       deleted,
       version,
       created_time,
       updated_time)
VALUES ('RULE_PED_FEVER', '儿童/小儿发热儿科优先', '儿童发热,小儿发热,宝宝发热,幼儿发热', 3, @dept_pediatrics, 35, 0, 1, 0, 0, @seed_now, @seed_now),
       ('RULE_PED_COUGH', '儿童/小儿咳嗽儿科优先', '儿童咳嗽,小儿咳嗽,宝宝咳嗽,幼儿咳嗽', 3, @dept_pediatrics, 25, 0, 1, 0, 0, @seed_now, @seed_now),
       ('RULE_PED_VOMITING', '儿童/小儿呕吐儿科优先', '儿童呕吐,小儿呕吐,宝宝呕吐,幼儿呕吐', 3, @dept_pediatrics, 30, 0, 1, 0, 0, @seed_now, @seed_now),
       ('RULE_PED_DIARRHEA', '儿童/小儿腹泻儿科优先', '儿童腹泻,小儿腹泻,宝宝腹泻,幼儿腹泻', 3, @dept_pediatrics, 30, 0, 1, 0, 0, @seed_now, @seed_now),
       ('RULE_PED_HAND_FOOT_MOUTH', '手足口病儿科优先', '手足口,手足口病,儿童手足口,小儿手足口', 2, @dept_pediatrics, 50, 1, 1, 0, 0, @seed_now, @seed_now),
       ('RULE_PED_WHEEZE', '儿童喘息儿科快速分诊', '儿童喘息,小儿喘息,宝宝喘息,儿童喘憋,小儿喘憋', 2, @dept_pediatrics, 55, 1, 1, 0, 0, @seed_now, @seed_now),
       ('RULE_EMERG_ALLERGY', '严重过敏急诊分流', '严重过敏,急性过敏,过敏反应', 2, @dept_emergency, 75, 1, 1, 0, 0, @seed_now, @seed_now),
       ('RULE_EMERG_POISONING', '中毒急诊分流', '中毒,误服', 2, @dept_emergency, 90, 1, 1, 0, 0, @seed_now, @seed_now),
       ('RULE_EMERG_SEVERE_ABDOMINAL_PAIN', '剧烈腹痛急诊分流', '剧烈腹痛,腹部剧痛', 2, @dept_emergency, 70, 1, 1, 0, 0, @seed_now, @seed_now),
       ('RULE_EMERG_CHEST_TIGHTNESS', '胸闷胸痛急诊优先', '胸闷,胸口发紧,胸前区疼痛,压榨性胸痛', 1, @dept_emergency, 105, 1, 1, 0, 0, @seed_now, @seed_now),
       ('RULE_EMERG_ACUTE_DYSPNEA', '急性气促急诊优先', '呼吸急促,气短,喘不上气,呼吸窘迫', 1, @dept_emergency, 105, 1, 1, 0, 0, @seed_now, @seed_now),
       ('RULE_EMERG_SYNCOPE', '晕厥急诊优先', '晕厥,昏倒,突然晕倒', 1, @dept_emergency, 110, 1, 1, 0, 0, @seed_now, @seed_now),
       ('RULE_EMERG_CONFUSION', '意识模糊急诊优先', '意识模糊,言语不清,答非所问', 1, @dept_emergency, 110, 1, 1, 0, 0, @seed_now, @seed_now),
       ('RULE_EMERG_HEMIPARESIS', '急性神经缺损急诊优先', '一侧无力,口角歪斜,单侧肢体无力', 1, @dept_emergency, 112, 1, 1, 0, 0, @seed_now, @seed_now),
       ('RULE_EMERG_ANAPHYLACTIC_SHOCK', '过敏性休克急诊优先', '过敏性休克,喉头水肿', 1, @dept_emergency, 118, 1, 1, 0, 0, @seed_now, @seed_now),
       ('RULE_EMERG_GI_BLEED', '消化道出血急诊优先', '黑便,便血,柏油样便', 1, @dept_emergency, 102, 1, 1, 0, 0, @seed_now, @seed_now),
       ('RULE_EMERG_ASTHMA_ATTACK', '喘憋急诊优先', '喘憋,哮喘发作', 1, @dept_emergency, 104, 1, 1, 0, 0, @seed_now, @seed_now),
       ('RULE_EMERG_RIGHT_LOWER_ABDOMINAL_PAIN', '右下腹痛急诊分流', '右下腹痛,反跳痛', 2, @dept_emergency, 88, 1, 1, 0, 0, @seed_now, @seed_now),
       ('RULE_EMERG_EXPLOSIVE_HEADACHE', '剧烈头痛急诊分流', '剧烈头痛,爆炸样头痛', 2, @dept_emergency, 90, 1, 1, 0, 0, @seed_now, @seed_now),
       ('RULE_EMERG_TRAFFIC_ACCIDENT', '车祸伤急诊分流', '车祸伤,车祸外伤', 2, @dept_emergency, 95, 1, 1, 0, 0, @seed_now, @seed_now),
       ('RULE_EMERG_KNIFE_WOUND', '刀刺伤急诊分流', '刀伤,刺伤', 2, @dept_emergency, 96, 1, 1, 0, 0, @seed_now, @seed_now),
       ('RULE_EMERG_FALL_INJURY', '坠落摔伤急诊分流', '坠落伤,摔伤', 2, @dept_emergency, 92, 1, 1, 0, 0, @seed_now, @seed_now),
       ('RULE_EMERG_DISLOCATION', '脱位急诊分流', '脱位', 2, @dept_emergency, 84, 1, 1, 0, 0, @seed_now, @seed_now),
       ('RULE_EMERG_SCALD', '烫伤急诊分流', '烫伤', 2, @dept_emergency, 84, 1, 1, 0, 0, @seed_now, @seed_now),
       ('RULE_EMERG_DRUG_POISONING', '药物毒物暴露急诊分流', '药物中毒,农药中毒,酒精中毒', 2, @dept_emergency, 95, 1, 1, 0, 0, @seed_now, @seed_now),
       ('RULE_EMERG_HIGH_FEVER', '高热寒战急诊分流', '高热,寒战,持续高热', 2, @dept_emergency, 82, 1, 1, 0, 0, @seed_now, @seed_now),
       ('RULE_EMERG_SEVERE_PALPITATION', '心慌胸闷急诊分流', '心悸胸闷,心慌胸闷', 2, @dept_emergency, 86, 1, 1, 0, 0, @seed_now, @seed_now),
       ('RULE_EMERG_FREQUENT_VOMITING', '频繁呕吐急诊分流', '频繁呕吐,喷射性呕吐', 2, @dept_emergency, 80, 1, 1, 0, 0, @seed_now, @seed_now),
       ('RULE_EMERG_SEVERE_DIARRHEA', '腹泻脱水急诊分流', '腹泻脱水,频繁腹泻', 2, @dept_emergency, 78, 1, 1, 0, 0, @seed_now, @seed_now),
       ('RULE_EMERG_PERSISTENT_PALPITATION', '持续心悸急诊观察', '持续心悸,阵发性心慌', 3, @dept_emergency, 58, 0, 1, 0, 0, @seed_now, @seed_now),
       ('RULE_EMERG_DIZZINESS_NAUSEA', '头晕伴恶心急诊观察', '头晕伴恶心,眩晕伴恶心', 3, @dept_emergency, 50, 0, 1, 0, 0, @seed_now, @seed_now),
       ('RULE_EMERG_PERSISTENT_HEADACHE', '持续头痛急诊观察', '持续头痛伴恶心,偏头痛发作', 3, @dept_emergency, 48, 0, 1, 0, 0, @seed_now, @seed_now),
       ('RULE_EMERG_MODERATE_ABDOMINAL_DISCOMFORT', '腹部不适急诊观察', '腹部隐痛,中上腹不适', 3, @dept_emergency, 46, 0, 1, 0, 0, @seed_now, @seed_now),
       ('RULE_EMERG_MILD_UPPER_RESPIRATORY', '鼻塞流涕急诊普通分诊', '鼻塞流涕,咽干鼻塞', 4, @dept_emergency, 24, 0, 1, 0, 0, @seed_now, @seed_now),
       ('RULE_EMERG_MILD_THROAT_DISCOMFORT', '轻度咽痛急诊普通分诊', '轻度咽痛,咽部异物感', 4, @dept_emergency, 22, 0, 1, 0, 0, @seed_now, @seed_now),
       ('RULE_EMERG_MILD_HEADACHE', '轻度头痛急诊普通分诊', '轻度头痛,头胀不适', 4, @dept_emergency, 22, 0, 1, 0, 0, @seed_now, @seed_now),
       ('RULE_EMERG_MILD_DIZZINESS', '轻度头晕急诊普通分诊', '轻度头晕,短暂眩晕', 4, @dept_emergency, 20, 0, 1, 0, 0, @seed_now, @seed_now),
       ('RULE_EMERG_MILD_GASTRO', '轻度胃肠不适急诊普通分诊', '轻度恶心,偶发腹泻', 4, @dept_emergency, 18, 0, 1, 0, 0, @seed_now, @seed_now),
       ('RULE_EMERG_MUSCLE_PAIN', '肌肉酸痛急诊普通分诊', '肌肉酸痛,四肢酸痛', 4, @dept_emergency, 16, 0, 1, 0, 0, @seed_now, @seed_now),
       ('RULE_CARD_EXERTIONAL_CHEST_TIGHTNESS', '活动后胸闷心内科分流', '活动后胸闷,劳累后胸闷', 3, @dept_cardiology, 42, 0, 1, 0, 0, @seed_now, @seed_now),
       ('RULE_CARD_INTERMITTENT_PALPITATION', '间断心悸心内科分流', '间断心悸,偶发心慌', 3, @dept_cardiology, 42, 0, 1, 0, 0, @seed_now, @seed_now),
       ('RULE_CARD_PRECORDIAL_DISCOMFORT', '心前区不适心内科分流', '心前区不适,胸口隐痛', 4, @dept_cardiology, 28, 0, 1, 0, 0, @seed_now, @seed_now),
       ('RULE_CARD_BP_FLUCTUATION', '血压波动心内科分流', '血压波动,反复血压升高', 4, @dept_cardiology, 26, 0, 1, 0, 0, @seed_now, @seed_now),
       ('RULE_RESP_PERSISTENT_COUGH', '持续咳嗽呼吸内科分流', '持续咳嗽,反复咳嗽', 3, @dept_respiratory, 38, 0, 1, 0, 0, @seed_now, @seed_now),
       ('RULE_RESP_COUGH_WITH_SPUTUM', '咳嗽咳痰呼吸内科分流', '咳嗽咳痰,黄痰咳嗽', 3, @dept_respiratory, 36, 0, 1, 0, 0, @seed_now, @seed_now),
       ('RULE_RESP_NOCTURNAL_COUGH', '夜间咳嗽呼吸内科分流', '夜间咳嗽,晨起咳痰', 4, @dept_respiratory, 24, 0, 1, 0, 0, @seed_now, @seed_now),
       ('RULE_RESP_ALLERGIC_COUGH', '过敏性咳嗽呼吸内科分流', '过敏性咳嗽,咽痒干咳', 4, @dept_respiratory, 24, 0, 1, 0, 0, @seed_now, @seed_now),
       ('RULE_NEU_RECURRENT_HEADACHE', '反复头痛神经内科分流', '反复头痛,慢性头痛', 3, @dept_neurology, 36, 0, 1, 0, 0, @seed_now, @seed_now),
       ('RULE_NEU_VERTIGO_TINNITUS', '眩晕耳鸣神经内科分流', '眩晕耳鸣,头晕耳鸣', 3, @dept_neurology, 34, 0, 1, 0, 0, @seed_now, @seed_now),
       ('RULE_NEU_LIMB_NUMBNESS', '肢体麻木神经内科分流', '手脚发麻,肢体麻木', 3, @dept_neurology, 34, 0, 1, 0, 0, @seed_now, @seed_now),
       ('RULE_NEU_TREMOR', '震颤神经内科分流', '手抖震颤,静止性震颤', 4, @dept_neurology, 22, 0, 1, 0, 0, @seed_now, @seed_now),
       ('RULE_ORT_LUMBAR_STRAIN', '腰背酸痛骨科分流', '腰肌劳损,腰背酸痛', 3, @dept_orthopedics, 34, 0, 1, 0, 0, @seed_now, @seed_now),
       ('RULE_ORT_ANKLE_SPRAIN', '踝关节扭伤骨科分流', '脚踝扭伤,踝关节扭伤', 3, @dept_orthopedics, 34, 0, 1, 0, 0, @seed_now, @seed_now),
       ('RULE_ORT_KNEE_JOINT_PAIN', '膝关节痛骨科分流', '膝关节痛,膝盖酸痛', 4, @dept_orthopedics, 22, 0, 1, 0, 0, @seed_now, @seed_now),
       ('RULE_ORT_NECK_SHOULDER_PAIN', '颈肩疼痛骨科分流', '颈肩疼痛,肩颈酸痛', 4, @dept_orthopedics, 22, 0, 1, 0, 0, @seed_now, @seed_now),
       ('RULE_GEN_DIZZINESS', '头晕全科分流', '头晕,眩晕', 4, @dept_general, 20, 0, 1, 0, 0, @seed_now, @seed_now),
       ('RULE_GEN_FATIGUE', '乏力全科分流', '乏力,疲劳', 4, @dept_general, 15, 0, 1, 0, 0, @seed_now, @seed_now),
       ('RULE_GEN_SORE_THROAT', '咽痛全科分流', '咽痛,喉咙痛', 4, @dept_general, 15, 0, 1, 0, 0, @seed_now, @seed_now),
       ('RULE_GEN_RASH', '皮疹全科分流', '皮疹,红疹', 4, @dept_general, 20, 0, 1, 0, 0, @seed_now, @seed_now),
       ('RULE_GEN_HYPERTENSION', '血压升高全科分流', '血压高,血压升高', 4, @dept_general, 20, 0, 1, 0, 0, @seed_now, @seed_now),
       ('RULE_GEN_PALPITATION', '心悸全科分流', '心悸,心慌', 3, @dept_general, 35, 0, 1, 0, 0, @seed_now, @seed_now),
       ('RULE_GEN_ABDOMINAL_PAIN', '普通腹痛全科分流', '腹痛,肚子痛', 3, @dept_general, 35, 0, 1, 0, 0, @seed_now, @seed_now),
       ('RULE_GEN_HEADACHE', '头痛全科分流', '头痛,头胀', 4, @dept_general, 20, 0, 1, 0, 0, @seed_now, @seed_now),
       ('RULE_GEN_SKIN_ITCHING', '皮肤瘙痒全科分流', '皮肤瘙痒,皮肤发痒', 4, @dept_general, 10, 0, 1, 0, 0, @seed_now, @seed_now),
       ('RULE_GEN_REVISIT', '复诊患者全科分流', '复诊,复查', 4, @dept_general, 10, 0, 1, 0, 0, @seed_now, @seed_now),
       ('RULE_GEN_FEVER', '发热全科分流', '发热', 4, @dept_general, 18, 0, 1, 0, 0, @seed_now, @seed_now),
       ('RULE_GEN_COUGH', '咳嗽全科分流', '咳嗽', 4, @dept_general, 18, 0, 1, 0, 0, @seed_now, @seed_now),
       ('RULE_GEN_VOMITING', '呕吐全科分流', '呕吐', 4, @dept_general, 20, 0, 1, 0, 0, @seed_now, @seed_now),
       ('RULE_GEN_DIARRHEA', '腹泻全科分流', '腹泻', 4, @dept_general, 20, 0, 1, 0, 0, @seed_now, @seed_now),
       ('RULE_GEN_NAUSEA', '恶心全科分流', '恶心', 4, @dept_general, 12, 0, 1, 0, 0, @seed_now, @seed_now)
ON DUPLICATE KEY UPDATE
       rule_name = VALUES(rule_name),
       symptom_keyword = VALUES(symptom_keyword),
       triage_level = VALUES(triage_level),
       recommend_dept_id = VALUES(recommend_dept_id),
       special_weight = VALUES(special_weight),
       fast_track = VALUES(fast_track),
       enabled = VALUES(enabled),
       deleted = VALUES(deleted),
       version = VALUES(version),
       updated_time = VALUES(updated_time);

-- 用户、角色与权限（仅保留 ADMIN / DOCTOR 主线）
INSERT INTO sys_role (id, role_code, role_name, deleted, version)
VALUES (1, 'ADMIN', '管理员', 0, 0),
       (2, 'DOCTOR', '医生', 0, 0)
ON DUPLICATE KEY UPDATE
       role_code = VALUES(role_code),
       role_name = VALUES(role_name),
       deleted = VALUES(deleted),
       version = VALUES(version);

INSERT INTO sys_permission (id, permission_code, permission_name, deleted, version)
VALUES (1, 'patient:manage', '患者档案管理', 0, 0),
       (2, 'visit:manage', '到诊登记管理', 0, 0),
       (3, 'triage:assess', '分诊评估', 0, 0),
       (4, 'triage:rule', '分诊规则维护', 0, 0),
       (5, 'queue:manage', '排队管理', 0, 0),
       (6, 'queue:call', '叫号操作', 0, 0),
       (7, 'dashboard:view', '看板查看', 0, 0)
ON DUPLICATE KEY UPDATE
       permission_code = VALUES(permission_code),
       permission_name = VALUES(permission_name),
       deleted = VALUES(deleted),
       version = VALUES(version);

INSERT INTO sys_user (id, username, password, nickname, role_code, dept_id, room_id, enabled, deleted, version)
VALUES (1, 'admin', '$2a$10$5HogmhBu0Uk6jLZi6rAGg.bLqA29I4vCqnDJEtGosqEcstVnNwt2C', '系统管理员', 'ADMIN', NULL, NULL, 1, 0, 0),
       (2, 'doctor.zhang', '$2a$10$5HogmhBu0Uk6jLZi6rAGg.bLqA29I4vCqnDJEtGosqEcstVnNwt2C', '张医生', 'DOCTOR', 1, 1, 1, 0, 0),
       (3, 'doctor.chen', '$2a$10$5HogmhBu0Uk6jLZi6rAGg.bLqA29I4vCqnDJEtGosqEcstVnNwt2C', '陈医生', 'DOCTOR', 1, 2, 1, 0, 0),
       (4, 'doctor.huang', '$2a$10$5HogmhBu0Uk6jLZi6rAGg.bLqA29I4vCqnDJEtGosqEcstVnNwt2C', '黄医生', 'DOCTOR', 1, 3, 1, 0, 0),
       (5, 'doctor.li', '$2a$10$5HogmhBu0Uk6jLZi6rAGg.bLqA29I4vCqnDJEtGosqEcstVnNwt2C', '李医生', 'DOCTOR', 2, 4, 1, 0, 0),
       (6, 'doctor.zhou', '$2a$10$5HogmhBu0Uk6jLZi6rAGg.bLqA29I4vCqnDJEtGosqEcstVnNwt2C', '周医生', 'DOCTOR', 2, 5, 1, 0, 0),
       (7, 'doctor.xu', '$2a$10$5HogmhBu0Uk6jLZi6rAGg.bLqA29I4vCqnDJEtGosqEcstVnNwt2C', '许医生', 'DOCTOR', 2, 6, 1, 0, 0),
       (8, 'doctor.wang', '$2a$10$5HogmhBu0Uk6jLZi6rAGg.bLqA29I4vCqnDJEtGosqEcstVnNwt2C', '王医生', 'DOCTOR', 3, 7, 1, 0, 0),
       (9, 'doctor.sun', '$2a$10$5HogmhBu0Uk6jLZi6rAGg.bLqA29I4vCqnDJEtGosqEcstVnNwt2C', '孙医生', 'DOCTOR', 3, 8, 1, 0, 0),
       (10, 'doctor.he', '$2a$10$5HogmhBu0Uk6jLZi6rAGg.bLqA29I4vCqnDJEtGosqEcstVnNwt2C', '何医生', 'DOCTOR', 3, 9, 1, 0, 0),
       (11, 'doctor.zhao', '$2a$10$5HogmhBu0Uk6jLZi6rAGg.bLqA29I4vCqnDJEtGosqEcstVnNwt2C', '赵医生', 'DOCTOR', 4, 10, 1, 0, 0),
       (12, 'doctor.liu', '$2a$10$5HogmhBu0Uk6jLZi6rAGg.bLqA29I4vCqnDJEtGosqEcstVnNwt2C', '刘医生', 'DOCTOR', 4, 11, 1, 0, 0),
       (13, 'doctor.zheng', '$2a$10$5HogmhBu0Uk6jLZi6rAGg.bLqA29I4vCqnDJEtGosqEcstVnNwt2C', '郑医生', 'DOCTOR', 4, 12, 1, 0, 0),
       (14, 'doctor.wu', '$2a$10$5HogmhBu0Uk6jLZi6rAGg.bLqA29I4vCqnDJEtGosqEcstVnNwt2C', '吴医生', 'DOCTOR', 5, 13, 1, 0, 0),
       (15, 'doctor.feng', '$2a$10$5HogmhBu0Uk6jLZi6rAGg.bLqA29I4vCqnDJEtGosqEcstVnNwt2C', '冯医生', 'DOCTOR', 5, 14, 1, 0, 0),
       (16, 'doctor.xie', '$2a$10$5HogmhBu0Uk6jLZi6rAGg.bLqA29I4vCqnDJEtGosqEcstVnNwt2C', '谢医生', 'DOCTOR', 6, 15, 1, 0, 0),
       (17, 'doctor.jiang', '$2a$10$5HogmhBu0Uk6jLZi6rAGg.bLqA29I4vCqnDJEtGosqEcstVnNwt2C', '蒋医生', 'DOCTOR', 6, 16, 1, 0, 0),
       (18, 'doctor.tang', '$2a$10$5HogmhBu0Uk6jLZi6rAGg.bLqA29I4vCqnDJEtGosqEcstVnNwt2C', '唐医生', 'DOCTOR', 7, 17, 1, 0, 0),
       (19, 'doctor.luo', '$2a$10$5HogmhBu0Uk6jLZi6rAGg.bLqA29I4vCqnDJEtGosqEcstVnNwt2C', '罗医生', 'DOCTOR', 8, 18, 1, 0, 0)
ON DUPLICATE KEY UPDATE
       username = VALUES(username),
       password = VALUES(password),
       nickname = VALUES(nickname),
       role_code = VALUES(role_code),
       dept_id = VALUES(dept_id),
       room_id = VALUES(room_id),
       enabled = VALUES(enabled),
       deleted = VALUES(deleted),
       version = VALUES(version);

INSERT INTO sys_user_role (id, user_id, role_id, created_time)
VALUES (1, 1, 1, @seed_now),
       (2, 2, 2, @seed_now),
       (3, 3, 2, @seed_now),
       (4, 4, 2, @seed_now),
       (5, 5, 2, @seed_now),
       (6, 6, 2, @seed_now),
       (7, 7, 2, @seed_now),
       (8, 8, 2, @seed_now),
       (9, 9, 2, @seed_now),
       (10, 10, 2, @seed_now),
       (11, 11, 2, @seed_now),
       (12, 12, 2, @seed_now),
       (13, 13, 2, @seed_now),
       (14, 14, 2, @seed_now),
       (15, 15, 2, @seed_now),
       (16, 16, 2, @seed_now),
       (17, 17, 2, @seed_now),
       (18, 18, 2, @seed_now),
       (19, 19, 2, @seed_now)
ON DUPLICATE KEY UPDATE
       user_id = VALUES(user_id),
       role_id = VALUES(role_id),
       created_time = VALUES(created_time);

INSERT INTO sys_role_permission (id, role_id, permission_id, created_time)
VALUES (1, 1, 1, @seed_now),
       (2, 1, 2, @seed_now),
       (3, 1, 3, @seed_now),
       (4, 1, 4, @seed_now),
       (5, 1, 5, @seed_now),
       (6, 1, 6, @seed_now),
       (7, 1, 7, @seed_now),
       (8, 2, 6, @seed_now),
       (9, 2, 7, @seed_now)
ON DUPLICATE KEY UPDATE
       role_id = VALUES(role_id),
       permission_id = VALUES(permission_id),
       created_time = VALUES(created_time);

-- 患者与就诊数据
INSERT INTO patient_info (id, patient_no, patient_name, gender, birth_date, phone, id_card, allergy_history, special_tags, current_status, current_visit_id, current_visit_no, current_dept_id, current_room_id, status_updated_time, deleted, version, created_time, updated_time)
VALUES (1, CONCAT('P', @seed_date, '001'), '陈建国', 'MALE', '1978-04-12', '13800010001', '110101197804120011', '青霉素', '高血压,复诊', 'QUEUING', 1, CONCAT('V', @seed_date, '001'), 1, 2, DATE_SUB(@seed_now, INTERVAL 40 MINUTE), 0, 0, DATE_SUB(@seed_now, INTERVAL 70 MINUTE), DATE_SUB(@seed_now, INTERVAL 40 MINUTE)),
       (2, CONCAT('P', @seed_date, '002'), '王晓宁', 'FEMALE', '1989-11-23', '13800010002', '110101198911230028', '无', '哮喘史', 'IN_TREATMENT', 2, CONCAT('V', @seed_date, '002'), 1, 1, DATE_SUB(@seed_now, INTERVAL 6 MINUTE), 0, 0, DATE_SUB(@seed_now, INTERVAL 48 MINUTE), DATE_SUB(@seed_now, INTERVAL 6 MINUTE)),
       (3, CONCAT('P', @seed_date, '003'), '刘泽昊', 'MALE', '1968-09-09', '13800010003', '110101196809090031', '无', '胸闷,夜间发作', 'QUEUING', 3, CONCAT('V', @seed_date, '003'), 1, 3, DATE_SUB(@seed_now, INTERVAL 26 MINUTE), 0, 0, DATE_SUB(@seed_now, INTERVAL 44 MINUTE), DATE_SUB(@seed_now, INTERVAL 26 MINUTE)),
       (4, CONCAT('P', @seed_date, '004'), '李梓涵', 'MALE', '2020-06-18', '13800010004', '110101202006180042', '头孢过敏', '儿童', 'QUEUING', 4, CONCAT('V', @seed_date, '004'), 2, 4, DATE_SUB(@seed_now, INTERVAL 22 MINUTE), 0, 0, DATE_SUB(@seed_now, INTERVAL 55 MINUTE), DATE_SUB(@seed_now, INTERVAL 22 MINUTE)),
       (5, CONCAT('P', @seed_date, '005'), '黄可欣', 'FEMALE', '2018-10-09', '13800010005', '110101201810090059', '花粉', '儿童,高热', 'IN_TREATMENT', 5, CONCAT('V', @seed_date, '005'), 2, 5, DATE_SUB(@seed_now, INTERVAL 5 MINUTE), 0, 0, DATE_SUB(@seed_now, INTERVAL 30 MINUTE), DATE_SUB(@seed_now, INTERVAL 5 MINUTE)),
       (6, CONCAT('P', @seed_date, '006'), '周子墨', 'MALE', '2017-03-26', '13800010006', '110101201703260066', '无', '儿童,需复呼', 'QUEUING', 6, CONCAT('V', @seed_date, '006'), 2, 6, DATE_SUB(@seed_now, INTERVAL 7 MINUTE), 0, 0, DATE_SUB(@seed_now, INTERVAL 35 MINUTE), DATE_SUB(@seed_now, INTERVAL 7 MINUTE)),
       (7, CONCAT('P', @seed_date, '007'), '赵雨桐', 'FEMALE', '1994-03-08', '13800010007', '110101199403080073', '无', '孕妇,重点关注', 'COMPLETED', 7, CONCAT('V', @seed_date, '007'), 3, 7, DATE_SUB(@seed_now, INTERVAL 8 MINUTE), 0, 0, DATE_SUB(@seed_now, INTERVAL 40 MINUTE), DATE_SUB(@seed_now, INTERVAL 8 MINUTE)),
       (8, CONCAT('P', @seed_date, '008'), '林美玲', 'FEMALE', '1990-08-30', '13800010008', '110101199008300080', '无', '孕妇,复呼后接诊', 'IN_TREATMENT', 8, CONCAT('V', @seed_date, '008'), 3, 8, DATE_SUB(@seed_now, INTERVAL 3 MINUTE), 0, 0, DATE_SUB(@seed_now, INTERVAL 26 MINUTE), DATE_SUB(@seed_now, INTERVAL 3 MINUTE)),
       (9, CONCAT('P', @seed_date, '009'), '何婉晴', 'FEMALE', '1988-12-17', '13800010009', '110101198812170097', '无', '孕晚期随诊', 'QUEUING', 9, CONCAT('V', @seed_date, '009'), 3, 9, DATE_SUB(@seed_now, INTERVAL 19 MINUTE), 0, 0, DATE_SUB(@seed_now, INTERVAL 32 MINUTE), DATE_SUB(@seed_now, INTERVAL 19 MINUTE)),
       (10, CONCAT('P', @seed_date, '010'), '孙海峰', 'MALE', '1965-09-17', '13800010010', '110101196509170104', '碘造影剂', '老年,复诊', 'COMPLETED', 10, CONCAT('V', @seed_date, '010'), 4, 10, DATE_SUB(@seed_now, INTERVAL 4 MINUTE), 0, 0, DATE_SUB(@seed_now, INTERVAL 38 MINUTE), DATE_SUB(@seed_now, INTERVAL 4 MINUTE)),
       (11, CONCAT('P', @seed_date, '011'), '何静', 'FEMALE', '1972-05-21', '13800010011', '110101197205210111', '无', '老年,复诊,行动不便', 'QUEUING', 11, CONCAT('V', @seed_date, '011'), 4, 11, DATE_SUB(@seed_now, INTERVAL 34 MINUTE), 0, 0, DATE_SUB(@seed_now, INTERVAL 42 MINUTE), DATE_SUB(@seed_now, INTERVAL 31 MINUTE)),
       (12, CONCAT('P', @seed_date, '012'), '郑思雨', 'FEMALE', '2001-07-14', '13800010012', '110101200107140128', '无', '普通门诊,待人工补队', 'TRIAGED', 12, CONCAT('V', @seed_date, '012'), 4, NULL, DATE_SUB(@seed_now, INTERVAL 18 MINUTE), 0, 0, DATE_SUB(@seed_now, INTERVAL 32 MINUTE), DATE_SUB(@seed_now, INTERVAL 18 MINUTE)),
       (13, CONCAT('P', @seed_date, '013'), '吴志远', 'MALE', '1959-02-03', '13800010013', '110101195902030135', '阿司匹林', '自助取号,心悸', 'QUEUING', 13, CONCAT('V', @seed_date, '013'), 5, 13, DATE_SUB(@seed_now, INTERVAL 24 MINUTE), 0, 0, DATE_SUB(@seed_now, INTERVAL 36 MINUTE), DATE_SUB(@seed_now, INTERVAL 24 MINUTE)),
       (14, CONCAT('P', @seed_date, '014'), '冯雪宁', 'FEMALE', '1976-06-11', '13800010014', '110101197606110142', '无', '胸闷,动态观察', 'IN_TREATMENT', 14, CONCAT('V', @seed_date, '014'), 5, 14, DATE_SUB(@seed_now, INTERVAL 2 MINUTE), 0, 0, DATE_SUB(@seed_now, INTERVAL 20 MINUTE), DATE_SUB(@seed_now, INTERVAL 2 MINUTE)),
       (15, CONCAT('P', @seed_date, '015'), '谢晨', 'MALE', '1985-01-29', '13800010015', '110101198501290159', '无', '自助取号,咳嗽', 'QUEUING', 15, CONCAT('V', @seed_date, '015'), 6, 15, DATE_SUB(@seed_now, INTERVAL 17 MINUTE), 0, 0, DATE_SUB(@seed_now, INTERVAL 29 MINUTE), DATE_SUB(@seed_now, INTERVAL 17 MINUTE)),
       (16, CONCAT('P', @seed_date, '016'), '蒋依琳', 'FEMALE', '1992-11-05', '13800010016', '110101199211050166', '海鲜', '呼吸急促,需复呼', 'QUEUING', 16, CONCAT('V', @seed_date, '016'), 6, 16, DATE_SUB(@seed_now, INTERVAL 7 MINUTE), 0, 0, DATE_SUB(@seed_now, INTERVAL 31 MINUTE), DATE_SUB(@seed_now, INTERVAL 7 MINUTE)),
       (17, CONCAT('P', @seed_date, '017'), '唐文博', 'MALE', '1981-04-04', '13800010017', '110101198104040173', '无', '头痛,头晕', 'QUEUING', 17, CONCAT('V', @seed_date, '017'), 7, 17, DATE_SUB(@seed_now, INTERVAL 13 MINUTE), 0, 0, DATE_SUB(@seed_now, INTERVAL 24 MINUTE), DATE_SUB(@seed_now, INTERVAL 13 MINUTE)),
       (18, CONCAT('P', @seed_date, '018'), '罗嘉乐', 'MALE', '1999-09-19', '13800010018', '110101199909190180', '无', '扭伤复查', 'COMPLETED', 18, CONCAT('V', @seed_date, '018'), 8, 18, DATE_SUB(@seed_now, INTERVAL 1 MINUTE), 0, 0, DATE_SUB(@seed_now, INTERVAL 33 MINUTE), DATE_SUB(@seed_now, INTERVAL 1 MINUTE)),
       (19, CONCAT('P', @seed_date, '019'), '顾欣怡', 'FEMALE', '1996-10-21', '13800010019', '110101199610210197', '无', '新建档', 'REGISTERED', 19, CONCAT('V', @seed_date, '019'), NULL, NULL, DATE_SUB(@seed_now, INTERVAL 12 MINUTE), 0, 0, DATE_SUB(@seed_now, INTERVAL 12 MINUTE), DATE_SUB(@seed_now, INTERVAL 12 MINUTE)),
       (20, CONCAT('P', @seed_date, '020'), '许安安', 'FEMALE', '2014-05-16', '13800010020', '110101201405160204', '无', '儿科待补队', 'TRIAGED', 20, CONCAT('V', @seed_date, '020'), 2, NULL, DATE_SUB(@seed_now, INTERVAL 14 MINUTE), 0, 0, DATE_SUB(@seed_now, INTERVAL 21 MINUTE), DATE_SUB(@seed_now, INTERVAL 14 MINUTE))
ON DUPLICATE KEY UPDATE
       patient_no = VALUES(patient_no),
       patient_name = VALUES(patient_name),
       gender = VALUES(gender),
       birth_date = VALUES(birth_date),
       phone = VALUES(phone),
       id_card = VALUES(id_card),
       allergy_history = VALUES(allergy_history),
       special_tags = VALUES(special_tags),
       current_status = VALUES(current_status),
       current_visit_id = VALUES(current_visit_id),
       current_visit_no = VALUES(current_visit_no),
       current_dept_id = VALUES(current_dept_id),
       current_room_id = VALUES(current_room_id),
       status_updated_time = VALUES(status_updated_time),
       deleted = VALUES(deleted),
       version = VALUES(version),
       created_time = VALUES(created_time),
       updated_time = VALUES(updated_time);

INSERT INTO visit_record (id, patient_id, visit_no, status, register_time, arrival_time, chief_complaint, current_dept_id, current_room_id, deleted, version, created_time, updated_time)
VALUES (1, 1, CONCAT('V', @seed_date, '001'), 'QUEUING', DATE_SUB(@seed_now, INTERVAL 70 MINUTE), DATE_SUB(@seed_now, INTERVAL 55 MINUTE), '突发胸痛伴出汗', 1, 2, 0, 0, DATE_SUB(@seed_now, INTERVAL 70 MINUTE), DATE_SUB(@seed_now, INTERVAL 40 MINUTE)),
       (2, 2, CONCAT('V', @seed_date, '002'), 'IN_TREATMENT', DATE_SUB(@seed_now, INTERVAL 48 MINUTE), DATE_SUB(@seed_now, INTERVAL 40 MINUTE), '胸闷伴呼吸困难', 1, 1, 0, 0, DATE_SUB(@seed_now, INTERVAL 48 MINUTE), DATE_SUB(@seed_now, INTERVAL 6 MINUTE)),
       (3, 3, CONCAT('V', @seed_date, '003'), 'QUEUING', DATE_SUB(@seed_now, INTERVAL 44 MINUTE), DATE_SUB(@seed_now, INTERVAL 38 MINUTE), '胸闷心悸反复发作', 1, 3, 0, 0, DATE_SUB(@seed_now, INTERVAL 44 MINUTE), DATE_SUB(@seed_now, INTERVAL 26 MINUTE)),
       (4, 4, CONCAT('V', @seed_date, '004'), 'QUEUING', DATE_SUB(@seed_now, INTERVAL 55 MINUTE), DATE_SUB(@seed_now, INTERVAL 46 MINUTE), '高热伴咳嗽', 2, 4, 0, 0, DATE_SUB(@seed_now, INTERVAL 55 MINUTE), DATE_SUB(@seed_now, INTERVAL 22 MINUTE)),
       (5, 5, CONCAT('V', @seed_date, '005'), 'IN_TREATMENT', DATE_SUB(@seed_now, INTERVAL 30 MINUTE), DATE_SUB(@seed_now, INTERVAL 28 MINUTE), '高热咳喘', 2, 5, 0, 0, DATE_SUB(@seed_now, INTERVAL 30 MINUTE), DATE_SUB(@seed_now, INTERVAL 5 MINUTE)),
       (6, 6, CONCAT('V', @seed_date, '006'), 'QUEUING', DATE_SUB(@seed_now, INTERVAL 35 MINUTE), DATE_SUB(@seed_now, INTERVAL 30 MINUTE), '咽痛发热', 2, 6, 0, 0, DATE_SUB(@seed_now, INTERVAL 35 MINUTE), DATE_SUB(@seed_now, INTERVAL 7 MINUTE)),
       (7, 7, CONCAT('V', @seed_date, '007'), 'COMPLETED', DATE_SUB(@seed_now, INTERVAL 40 MINUTE), DATE_SUB(@seed_now, INTERVAL 35 MINUTE), '孕28周腹痛', 3, 7, 0, 0, DATE_SUB(@seed_now, INTERVAL 40 MINUTE), DATE_SUB(@seed_now, INTERVAL 8 MINUTE)),
       (8, 8, CONCAT('V', @seed_date, '008'), 'IN_TREATMENT', DATE_SUB(@seed_now, INTERVAL 26 MINUTE), DATE_SUB(@seed_now, INTERVAL 24 MINUTE), '孕早期出血', 3, 8, 0, 0, DATE_SUB(@seed_now, INTERVAL 26 MINUTE), DATE_SUB(@seed_now, INTERVAL 3 MINUTE)),
       (9, 9, CONCAT('V', @seed_date, '009'), 'QUEUING', DATE_SUB(@seed_now, INTERVAL 32 MINUTE), DATE_SUB(@seed_now, INTERVAL 29 MINUTE), '胎动减少复查', 3, 9, 0, 0, DATE_SUB(@seed_now, INTERVAL 32 MINUTE), DATE_SUB(@seed_now, INTERVAL 19 MINUTE)),
       (10, 10, CONCAT('V', @seed_date, '010'), 'COMPLETED', DATE_SUB(@seed_now, INTERVAL 38 MINUTE), DATE_SUB(@seed_now, INTERVAL 32 MINUTE), '头晕伴血压波动', 4, 10, 0, 0, DATE_SUB(@seed_now, INTERVAL 38 MINUTE), DATE_SUB(@seed_now, INTERVAL 4 MINUTE)),
       (11, 11, CONCAT('V', @seed_date, '011'), 'QUEUING', DATE_SUB(@seed_now, INTERVAL 42 MINUTE), DATE_SUB(@seed_now, INTERVAL 37 MINUTE), '头晕伴乏力', 4, 11, 0, 0, DATE_SUB(@seed_now, INTERVAL 42 MINUTE), DATE_SUB(@seed_now, INTERVAL 31 MINUTE)),
       (12, 12, CONCAT('V', @seed_date, '012'), 'TRIAGED', DATE_SUB(@seed_now, INTERVAL 32 MINUTE), DATE_SUB(@seed_now, INTERVAL 25 MINUTE), '咽痛伴低热', 4, NULL, 0, 0, DATE_SUB(@seed_now, INTERVAL 32 MINUTE), DATE_SUB(@seed_now, INTERVAL 18 MINUTE)),
       (13, 13, CONCAT('V', @seed_date, '013'), 'QUEUING', DATE_SUB(@seed_now, INTERVAL 36 MINUTE), DATE_SUB(@seed_now, INTERVAL 31 MINUTE), '心悸伴胸口发紧', 5, 13, 0, 0, DATE_SUB(@seed_now, INTERVAL 36 MINUTE), DATE_SUB(@seed_now, INTERVAL 24 MINUTE)),
       (14, 14, CONCAT('V', @seed_date, '014'), 'IN_TREATMENT', DATE_SUB(@seed_now, INTERVAL 20 MINUTE), DATE_SUB(@seed_now, INTERVAL 18 MINUTE), '胸闷伴心前区不适', 5, 14, 0, 0, DATE_SUB(@seed_now, INTERVAL 20 MINUTE), DATE_SUB(@seed_now, INTERVAL 2 MINUTE)),
       (15, 15, CONCAT('V', @seed_date, '015'), 'QUEUING', DATE_SUB(@seed_now, INTERVAL 29 MINUTE), DATE_SUB(@seed_now, INTERVAL 24 MINUTE), '咳嗽咳痰三天', 6, 15, 0, 0, DATE_SUB(@seed_now, INTERVAL 29 MINUTE), DATE_SUB(@seed_now, INTERVAL 17 MINUTE)),
       (16, 16, CONCAT('V', @seed_date, '016'), 'QUEUING', DATE_SUB(@seed_now, INTERVAL 31 MINUTE), DATE_SUB(@seed_now, INTERVAL 27 MINUTE), '呼吸急促伴胸闷', 6, 16, 0, 0, DATE_SUB(@seed_now, INTERVAL 31 MINUTE), DATE_SUB(@seed_now, INTERVAL 7 MINUTE)),
       (17, 17, CONCAT('V', @seed_date, '017'), 'QUEUING', DATE_SUB(@seed_now, INTERVAL 24 MINUTE), DATE_SUB(@seed_now, INTERVAL 21 MINUTE), '头痛头晕一周', 7, 17, 0, 0, DATE_SUB(@seed_now, INTERVAL 24 MINUTE), DATE_SUB(@seed_now, INTERVAL 13 MINUTE)),
       (18, 18, CONCAT('V', @seed_date, '018'), 'COMPLETED', DATE_SUB(@seed_now, INTERVAL 33 MINUTE), DATE_SUB(@seed_now, INTERVAL 28 MINUTE), '踝关节扭伤复查', 8, 18, 0, 0, DATE_SUB(@seed_now, INTERVAL 33 MINUTE), DATE_SUB(@seed_now, INTERVAL 1 MINUTE)),
       (19, 19, CONCAT('V', @seed_date, '019'), 'REGISTERED', DATE_SUB(@seed_now, INTERVAL 12 MINUTE), NULL, '皮肤瘙痒待就诊', NULL, NULL, 0, 0, DATE_SUB(@seed_now, INTERVAL 12 MINUTE), DATE_SUB(@seed_now, INTERVAL 12 MINUTE)),
       (20, 20, CONCAT('V', @seed_date, '020'), 'TRIAGED', DATE_SUB(@seed_now, INTERVAL 21 MINUTE), DATE_SUB(@seed_now, INTERVAL 17 MINUTE), '发热伴咽痛', 2, NULL, 0, 0, DATE_SUB(@seed_now, INTERVAL 21 MINUTE), DATE_SUB(@seed_now, INTERVAL 14 MINUTE))
ON DUPLICATE KEY UPDATE
       patient_id = VALUES(patient_id),
       visit_no = VALUES(visit_no),
       status = VALUES(status),
       register_time = VALUES(register_time),
       arrival_time = VALUES(arrival_time),
       chief_complaint = VALUES(chief_complaint),
       current_dept_id = VALUES(current_dept_id),
       current_room_id = VALUES(current_room_id),
       deleted = VALUES(deleted),
       version = VALUES(version),
       created_time = VALUES(created_time),
       updated_time = VALUES(updated_time);

INSERT INTO triage_assessment (id, visit_id, symptom_tags, body_temperature, heart_rate, blood_pressure, blood_oxygen, age, gender, elderly, pregnant, child, disabled, revisit, triage_level, recommend_dept_id, priority_score, fast_track, manual_adjust_score, assessor, assessed_time, deleted, version, created_time, updated_time)
VALUES (1, 1, '胸痛,出汗', 36.80, 108, '150/95', 93, 47, 'MALE', 0, 0, 0, 0, 1, 1, 1, 1170, 1, 0, 'system', DATE_SUB(@seed_now, INTERVAL 50 MINUTE), 0, 0, DATE_SUB(@seed_now, INTERVAL 50 MINUTE), DATE_SUB(@seed_now, INTERVAL 50 MINUTE)),
       (2, 2, '呼吸困难,胸闷', 37.10, 118, '145/90', 88, 36, 'FEMALE', 0, 0, 0, 0, 0, 1, 1, 1170, 1, 20, 'system', DATE_SUB(@seed_now, INTERVAL 35 MINUTE), 0, 0, DATE_SUB(@seed_now, INTERVAL 35 MINUTE), DATE_SUB(@seed_now, INTERVAL 35 MINUTE)),
       (3, 3, '胸闷,心悸', 36.60, 104, '142/92', 97, 56, 'MALE', 1, 0, 0, 0, 1, 2, 1, 860, 0, 10, 'system', DATE_SUB(@seed_now, INTERVAL 28 MINUTE), 0, 0, DATE_SUB(@seed_now, INTERVAL 28 MINUTE), DATE_SUB(@seed_now, INTERVAL 28 MINUTE)),
       (4, 4, '发热,咳嗽', 39.80, 132, '102/68', 97, 5, 'MALE', 0, 0, 1, 0, 0, 2, 2, 884, 1, 0, 'system', DATE_SUB(@seed_now, INTERVAL 46 MINUTE), 0, 0, DATE_SUB(@seed_now, INTERVAL 46 MINUTE), DATE_SUB(@seed_now, INTERVAL 46 MINUTE)),
       (5, 5, '发热,喘息', 39.60, 136, '101/66', 98, 7, 'FEMALE', 0, 0, 1, 0, 0, 2, 2, 846, 1, 10, 'system', DATE_SUB(@seed_now, INTERVAL 23 MINUTE), 0, 0, DATE_SUB(@seed_now, INTERVAL 23 MINUTE), DATE_SUB(@seed_now, INTERVAL 23 MINUTE)),
       (6, 6, '咽痛,发热', 38.40, 120, '108/70', 99, 8, 'MALE', 0, 0, 1, 0, 0, 3, 2, 620, 0, 0, 'system', DATE_SUB(@seed_now, INTERVAL 27 MINUTE), 0, 0, DATE_SUB(@seed_now, INTERVAL 27 MINUTE), DATE_SUB(@seed_now, INTERVAL 27 MINUTE)),
       (7, 7, '孕28周,腹痛', 37.20, 102, '118/76', 99, 31, 'FEMALE', 0, 1, 0, 0, 0, 2, 3, 946, 1, 10, 'system', DATE_SUB(@seed_now, INTERVAL 34 MINUTE), 0, 0, DATE_SUB(@seed_now, INTERVAL 34 MINUTE), DATE_SUB(@seed_now, INTERVAL 34 MINUTE)),
       (8, 8, '孕早期出血', 36.90, 104, '110/72', 99, 35, 'FEMALE', 0, 1, 0, 0, 0, 2, 3, 928, 1, 20, 'system', DATE_SUB(@seed_now, INTERVAL 20 MINUTE), 0, 0, DATE_SUB(@seed_now, INTERVAL 20 MINUTE), DATE_SUB(@seed_now, INTERVAL 20 MINUTE)),
       (9, 9, '胎动减少,复查', 36.70, 96, '116/74', 99, 36, 'FEMALE', 0, 1, 0, 0, 1, 2, 3, 890, 1, 0, 'system', DATE_SUB(@seed_now, INTERVAL 24 MINUTE), 0, 0, DATE_SUB(@seed_now, INTERVAL 24 MINUTE), DATE_SUB(@seed_now, INTERVAL 24 MINUTE)),
       (10, 10, '头晕,血压高', 36.70, 92, '168/102', 98, 60, 'MALE', 1, 0, 0, 0, 1, 4, 4, 290, 0, 30, 'system', DATE_SUB(@seed_now, INTERVAL 29 MINUTE), 0, 0, DATE_SUB(@seed_now, INTERVAL 29 MINUTE), DATE_SUB(@seed_now, INTERVAL 29 MINUTE)),
       (11, 11, '头晕,乏力', 36.40, 146, '156/96', 97, 53, 'FEMALE', 1, 0, 0, 1, 1, 2, 4, 914, 1, 30, 'system', DATE_SUB(@seed_now, INTERVAL 32 MINUTE), 0, 0, DATE_SUB(@seed_now, INTERVAL 32 MINUTE), DATE_SUB(@seed_now, INTERVAL 32 MINUTE)),
       (12, 12, '咽痛,低热', 37.80, 88, '112/72', 99, 24, 'FEMALE', 0, 0, 0, 0, 0, 4, 4, 150, 0, 0, 'system', DATE_SUB(@seed_now, INTERVAL 18 MINUTE), 0, 0, DATE_SUB(@seed_now, INTERVAL 18 MINUTE), DATE_SUB(@seed_now, INTERVAL 18 MINUTE)),
       (13, 13, '心悸,胸口发紧', 36.50, 102, '148/90', 98, 66, 'MALE', 1, 0, 0, 0, 1, 3, 5, 730, 0, 20, 'system', DATE_SUB(@seed_now, INTERVAL 26 MINUTE), 0, 0, DATE_SUB(@seed_now, INTERVAL 26 MINUTE), DATE_SUB(@seed_now, INTERVAL 26 MINUTE)),
       (14, 14, '胸闷,心前区不适', 36.70, 108, '152/94', 97, 49, 'FEMALE', 0, 0, 0, 0, 0, 2, 5, 890, 1, 0, 'system', DATE_SUB(@seed_now, INTERVAL 14 MINUTE), 0, 0, DATE_SUB(@seed_now, INTERVAL 14 MINUTE), DATE_SUB(@seed_now, INTERVAL 14 MINUTE)),
       (15, 15, '咳嗽,咳痰', 37.60, 96, '124/78', 97, 40, 'MALE', 0, 0, 0, 0, 0, 3, 6, 560, 0, 0, 'system', DATE_SUB(@seed_now, INTERVAL 19 MINUTE), 0, 0, DATE_SUB(@seed_now, INTERVAL 19 MINUTE), DATE_SUB(@seed_now, INTERVAL 19 MINUTE)),
       (16, 16, '呼吸急促,胸闷', 37.10, 112, '130/82', 94, 33, 'FEMALE', 0, 0, 0, 0, 0, 2, 6, 860, 1, 0, 'system', DATE_SUB(@seed_now, INTERVAL 22 MINUTE), 0, 0, DATE_SUB(@seed_now, INTERVAL 22 MINUTE), DATE_SUB(@seed_now, INTERVAL 22 MINUTE)),
       (17, 17, '头痛,头晕', 36.50, 90, '136/86', 99, 44, 'MALE', 0, 0, 0, 0, 0, 3, 7, 520, 0, 0, 'system', DATE_SUB(@seed_now, INTERVAL 16 MINUTE), 0, 0, DATE_SUB(@seed_now, INTERVAL 16 MINUTE), DATE_SUB(@seed_now, INTERVAL 16 MINUTE)),
       (18, 18, '踝关节扭伤,复查', 36.40, 82, '118/76', 99, 26, 'MALE', 0, 0, 0, 0, 1, 4, 8, 280, 0, 0, 'system', DATE_SUB(@seed_now, INTERVAL 21 MINUTE), 0, 0, DATE_SUB(@seed_now, INTERVAL 21 MINUTE), DATE_SUB(@seed_now, INTERVAL 21 MINUTE)),
       (19, 20, '发热,咽痛', 38.20, 110, '104/68', 98, 11, 'FEMALE', 0, 0, 1, 0, 0, 3, 2, 640, 0, 0, 'system', DATE_SUB(@seed_now, INTERVAL 14 MINUTE), 0, 0, DATE_SUB(@seed_now, INTERVAL 14 MINUTE), DATE_SUB(@seed_now, INTERVAL 14 MINUTE))
ON DUPLICATE KEY UPDATE
       visit_id = VALUES(visit_id),
       symptom_tags = VALUES(symptom_tags),
       body_temperature = VALUES(body_temperature),
       heart_rate = VALUES(heart_rate),
       blood_pressure = VALUES(blood_pressure),
       blood_oxygen = VALUES(blood_oxygen),
       age = VALUES(age),
       gender = VALUES(gender),
       elderly = VALUES(elderly),
       pregnant = VALUES(pregnant),
       child = VALUES(child),
       disabled = VALUES(disabled),
       revisit = VALUES(revisit),
       triage_level = VALUES(triage_level),
       recommend_dept_id = VALUES(recommend_dept_id),
       priority_score = VALUES(priority_score),
       fast_track = VALUES(fast_track),
       manual_adjust_score = VALUES(manual_adjust_score),
       assessor = VALUES(assessor),
       assessed_time = VALUES(assessed_time),
       deleted = VALUES(deleted),
       version = VALUES(version),
       created_time = VALUES(created_time),
       updated_time = VALUES(updated_time);

INSERT INTO queue_ticket (id, ticket_no, visit_id, patient_id, assessment_id, dept_id, room_id, triage_level, priority_score, status, recall_count, fast_track, source_type, source_remark, last_adjust_reason, enqueue_time, call_time, complete_time, deleted, version, created_time, updated_time)
VALUES (1, CONCAT(@seed_date, '-1-0001'), 1, 1, 1, 1, 2, 1, 1170, 'WAITING', 0, 1, 'TRIAGE_AUTO', '分诊自动入队', NULL, DATE_SUB(@seed_now, INTERVAL 40 MINUTE), NULL, NULL, 0, 0, DATE_SUB(@seed_now, INTERVAL 40 MINUTE), DATE_SUB(@seed_now, INTERVAL 40 MINUTE)),
       (2, CONCAT(@seed_date, '-1-0002'), 2, 2, 2, 1, 1, 1, 1170, 'CALLING', 0, 1, 'TRIAGE_AUTO', '分诊自动入队', NULL, DATE_SUB(@seed_now, INTERVAL 18 MINUTE), DATE_SUB(@seed_now, INTERVAL 6 MINUTE), NULL, 0, 0, DATE_SUB(@seed_now, INTERVAL 18 MINUTE), DATE_SUB(@seed_now, INTERVAL 6 MINUTE)),
       (3, CONCAT(@seed_date, '-1-0003'), 3, 3, 3, 1, 3, 2, 860, 'WAITING', 0, 0, 'TRIAGE_AUTO', '分诊自动入队', NULL, DATE_SUB(@seed_now, INTERVAL 26 MINUTE), NULL, NULL, 0, 0, DATE_SUB(@seed_now, INTERVAL 26 MINUTE), DATE_SUB(@seed_now, INTERVAL 26 MINUTE)),
       (4, CONCAT(@seed_date, '-2-0001'), 4, 4, 4, 2, 4, 2, 884, 'WAITING', 0, 1, 'TRIAGE_AUTO', '分诊自动入队', NULL, DATE_SUB(@seed_now, INTERVAL 22 MINUTE), NULL, NULL, 0, 0, DATE_SUB(@seed_now, INTERVAL 22 MINUTE), DATE_SUB(@seed_now, INTERVAL 22 MINUTE)),
       (5, CONCAT(@seed_date, '-2-0002'), 5, 5, 5, 2, 5, 2, 846, 'CALLING', 0, 1, 'TRIAGE_AUTO', '分诊自动入队', NULL, DATE_SUB(@seed_now, INTERVAL 16 MINUTE), DATE_SUB(@seed_now, INTERVAL 5 MINUTE), NULL, 0, 0, DATE_SUB(@seed_now, INTERVAL 16 MINUTE), DATE_SUB(@seed_now, INTERVAL 5 MINUTE)),
       (6, CONCAT(@seed_date, '-2-0003'), 6, 6, 6, 2, 6, 3, 620, 'MISSED', 0, 0, 'TRIAGE_AUTO', '分诊自动入队', NULL, DATE_SUB(@seed_now, INTERVAL 20 MINUTE), DATE_SUB(@seed_now, INTERVAL 8 MINUTE), NULL, 0, 0, DATE_SUB(@seed_now, INTERVAL 20 MINUTE), DATE_SUB(@seed_now, INTERVAL 7 MINUTE)),
       (7, CONCAT(@seed_date, '-3-0001'), 7, 7, 7, 3, 7, 2, 946, 'COMPLETED', 0, 1, 'TRIAGE_AUTO', '分诊自动入队', NULL, DATE_SUB(@seed_now, INTERVAL 30 MINUTE), DATE_SUB(@seed_now, INTERVAL 20 MINUTE), DATE_SUB(@seed_now, INTERVAL 8 MINUTE), 0, 0, DATE_SUB(@seed_now, INTERVAL 30 MINUTE), DATE_SUB(@seed_now, INTERVAL 8 MINUTE)),
       (8, CONCAT(@seed_date, '-3-0002'), 8, 8, 8, 3, 8, 2, 928, 'CALLING', 1, 1, 'TRIAGE_AUTO', '分诊自动入队', NULL, DATE_SUB(@seed_now, INTERVAL 14 MINUTE), DATE_SUB(@seed_now, INTERVAL 3 MINUTE), NULL, 0, 0, DATE_SUB(@seed_now, INTERVAL 14 MINUTE), DATE_SUB(@seed_now, INTERVAL 3 MINUTE)),
       (9, CONCAT(@seed_date, '-3-0003'), 9, 9, 9, 3, 9, 2, 890, 'WAITING', 0, 1, 'TRIAGE_AUTO', '分诊自动入队', NULL, DATE_SUB(@seed_now, INTERVAL 19 MINUTE), NULL, NULL, 0, 0, DATE_SUB(@seed_now, INTERVAL 19 MINUTE), DATE_SUB(@seed_now, INTERVAL 19 MINUTE)),
       (10, CONCAT(@seed_date, '-4-0001'), 10, 10, 10, 4, 10, 4, 290, 'COMPLETED', 0, 0, 'TRIAGE_AUTO', '分诊自动入队', NULL, DATE_SUB(@seed_now, INTERVAL 28 MINUTE), DATE_SUB(@seed_now, INTERVAL 15 MINUTE), DATE_SUB(@seed_now, INTERVAL 4 MINUTE), 0, 0, DATE_SUB(@seed_now, INTERVAL 28 MINUTE), DATE_SUB(@seed_now, INTERVAL 4 MINUTE)),
       (11, CONCAT(@seed_date, '-4-0002'), 11, 11, 11, 4, 11, 2, 914, 'WAITING', 0, 1, 'TRIAGE_AUTO', '分诊自动入队', '复诊高龄患者人工加权30分', DATE_SUB(@seed_now, INTERVAL 34 MINUTE), NULL, NULL, 0, 0, DATE_SUB(@seed_now, INTERVAL 34 MINUTE), DATE_SUB(@seed_now, INTERVAL 31 MINUTE)),
       (12, CONCAT(@seed_date, '-5-0001'), 13, 13, 13, 5, 13, 3, 730, 'WAITING', 0, 0, 'KIOSK', '院内自助机取号', NULL, DATE_SUB(@seed_now, INTERVAL 24 MINUTE), NULL, NULL, 0, 0, DATE_SUB(@seed_now, INTERVAL 24 MINUTE), DATE_SUB(@seed_now, INTERVAL 24 MINUTE)),
       (13, CONCAT(@seed_date, '-5-0002'), 14, 14, 14, 5, 14, 2, 890, 'CALLING', 0, 1, 'KIOSK', '院内自助机取号', NULL, DATE_SUB(@seed_now, INTERVAL 12 MINUTE), DATE_SUB(@seed_now, INTERVAL 2 MINUTE), NULL, 0, 0, DATE_SUB(@seed_now, INTERVAL 12 MINUTE), DATE_SUB(@seed_now, INTERVAL 2 MINUTE)),
       (14, CONCAT(@seed_date, '-6-0001'), 15, 15, 15, 6, 15, 3, 560, 'WAITING', 0, 0, 'KIOSK', '院内自助机取号', NULL, DATE_SUB(@seed_now, INTERVAL 17 MINUTE), NULL, NULL, 0, 0, DATE_SUB(@seed_now, INTERVAL 17 MINUTE), DATE_SUB(@seed_now, INTERVAL 17 MINUTE)),
       (15, CONCAT(@seed_date, '-6-0002'), 16, 16, 16, 6, 16, 2, 860, 'MISSED', 0, 1, 'TRIAGE_AUTO', '分诊自动入队', NULL, DATE_SUB(@seed_now, INTERVAL 21 MINUTE), DATE_SUB(@seed_now, INTERVAL 7 MINUTE), NULL, 0, 0, DATE_SUB(@seed_now, INTERVAL 21 MINUTE), DATE_SUB(@seed_now, INTERVAL 7 MINUTE)),
       (16, CONCAT(@seed_date, '-7-0001'), 17, 17, 17, 7, 17, 3, 520, 'WAITING', 0, 0, 'TRIAGE_AUTO', '分诊自动入队', NULL, DATE_SUB(@seed_now, INTERVAL 13 MINUTE), NULL, NULL, 0, 0, DATE_SUB(@seed_now, INTERVAL 13 MINUTE), DATE_SUB(@seed_now, INTERVAL 13 MINUTE)),
       (17, CONCAT(@seed_date, '-8-0001'), 18, 18, 18, 8, 18, 4, 280, 'COMPLETED', 0, 0, 'TRIAGE_AUTO', '分诊自动入队', NULL, DATE_SUB(@seed_now, INTERVAL 25 MINUTE), DATE_SUB(@seed_now, INTERVAL 11 MINUTE), DATE_SUB(@seed_now, INTERVAL 1 MINUTE), 0, 0, DATE_SUB(@seed_now, INTERVAL 25 MINUTE), DATE_SUB(@seed_now, INTERVAL 1 MINUTE))
ON DUPLICATE KEY UPDATE
       ticket_no = VALUES(ticket_no),
       visit_id = VALUES(visit_id),
       patient_id = VALUES(patient_id),
       assessment_id = VALUES(assessment_id),
       dept_id = VALUES(dept_id),
       room_id = VALUES(room_id),
       triage_level = VALUES(triage_level),
       priority_score = VALUES(priority_score),
       status = VALUES(status),
       recall_count = VALUES(recall_count),
       fast_track = VALUES(fast_track),
       source_type = VALUES(source_type),
       source_remark = VALUES(source_remark),
       last_adjust_reason = VALUES(last_adjust_reason),
       enqueue_time = VALUES(enqueue_time),
       call_time = VALUES(call_time),
       complete_time = VALUES(complete_time),
       deleted = VALUES(deleted),
       version = VALUES(version),
       created_time = VALUES(created_time),
       updated_time = VALUES(updated_time);

INSERT INTO queue_event_log (id, ticket_no, event_type, from_status, to_status, visit_id, patient_id, dept_id, room_id, operator_name, source_type, source_remark, remark, deleted, version, created_time, updated_time)
VALUES (1, CONCAT(@seed_date, '-1-0001'), 'ENQUEUE', NULL, 'WAITING', 1, 1, 1, 2, 'system', 'TRIAGE_AUTO', '分诊自动入队', '入队', 0, 0, DATE_SUB(@seed_now, INTERVAL 40 MINUTE), DATE_SUB(@seed_now, INTERVAL 40 MINUTE)),
       (2, CONCAT(@seed_date, '-1-0002'), 'ENQUEUE', NULL, 'WAITING', 2, 2, 1, 1, 'system', 'TRIAGE_AUTO', '分诊自动入队', '入队', 0, 0, DATE_SUB(@seed_now, INTERVAL 18 MINUTE), DATE_SUB(@seed_now, INTERVAL 18 MINUTE)),
       (3, CONCAT(@seed_date, '-1-0002'), 'CALL_NEXT', 'WAITING', 'CALLING', 2, 2, 1, 1, 'doctor.zhang', 'TRIAGE_AUTO', '分诊自动入队', '叫号', 0, 0, DATE_SUB(@seed_now, INTERVAL 6 MINUTE), DATE_SUB(@seed_now, INTERVAL 6 MINUTE)),
       (4, CONCAT(@seed_date, '-1-0003'), 'ENQUEUE', NULL, 'WAITING', 3, 3, 1, 3, 'system', 'TRIAGE_AUTO', '分诊自动入队', '入队', 0, 0, DATE_SUB(@seed_now, INTERVAL 26 MINUTE), DATE_SUB(@seed_now, INTERVAL 26 MINUTE)),
       (5, CONCAT(@seed_date, '-2-0001'), 'ENQUEUE', NULL, 'WAITING', 4, 4, 2, 4, 'system', 'TRIAGE_AUTO', '分诊自动入队', '入队', 0, 0, DATE_SUB(@seed_now, INTERVAL 22 MINUTE), DATE_SUB(@seed_now, INTERVAL 22 MINUTE)),
       (6, CONCAT(@seed_date, '-2-0002'), 'ENQUEUE', NULL, 'WAITING', 5, 5, 2, 5, 'system', 'TRIAGE_AUTO', '分诊自动入队', '入队', 0, 0, DATE_SUB(@seed_now, INTERVAL 16 MINUTE), DATE_SUB(@seed_now, INTERVAL 16 MINUTE)),
       (7, CONCAT(@seed_date, '-2-0002'), 'CALL_NEXT', 'WAITING', 'CALLING', 5, 5, 2, 5, 'doctor.zhou', 'TRIAGE_AUTO', '分诊自动入队', '叫号', 0, 0, DATE_SUB(@seed_now, INTERVAL 5 MINUTE), DATE_SUB(@seed_now, INTERVAL 5 MINUTE)),
       (8, CONCAT(@seed_date, '-2-0003'), 'ENQUEUE', NULL, 'WAITING', 6, 6, 2, 6, 'system', 'TRIAGE_AUTO', '分诊自动入队', '入队', 0, 0, DATE_SUB(@seed_now, INTERVAL 20 MINUTE), DATE_SUB(@seed_now, INTERVAL 20 MINUTE)),
       (9, CONCAT(@seed_date, '-2-0003'), 'CALL_NEXT', 'WAITING', 'CALLING', 6, 6, 2, 6, 'doctor.xu', 'TRIAGE_AUTO', '分诊自动入队', '叫号', 0, 0, DATE_SUB(@seed_now, INTERVAL 8 MINUTE), DATE_SUB(@seed_now, INTERVAL 8 MINUTE)),
       (10, CONCAT(@seed_date, '-2-0003'), 'MISSED', 'CALLING', 'MISSED', 6, 6, 2, 6, 'doctor.xu', 'TRIAGE_AUTO', '分诊自动入队', '患者首次未到诊', 0, 0, DATE_SUB(@seed_now, INTERVAL 7 MINUTE), DATE_SUB(@seed_now, INTERVAL 7 MINUTE)),
       (11, CONCAT(@seed_date, '-3-0001'), 'ENQUEUE', NULL, 'WAITING', 7, 7, 3, 7, 'system', 'TRIAGE_AUTO', '分诊自动入队', '入队', 0, 0, DATE_SUB(@seed_now, INTERVAL 30 MINUTE), DATE_SUB(@seed_now, INTERVAL 30 MINUTE)),
       (12, CONCAT(@seed_date, '-3-0001'), 'CALL_NEXT', 'WAITING', 'CALLING', 7, 7, 3, 7, 'doctor.wang', 'TRIAGE_AUTO', '分诊自动入队', '叫号', 0, 0, DATE_SUB(@seed_now, INTERVAL 20 MINUTE), DATE_SUB(@seed_now, INTERVAL 20 MINUTE)),
       (13, CONCAT(@seed_date, '-3-0001'), 'COMPLETE', 'CALLING', 'COMPLETED', 7, 7, 3, 7, 'doctor.wang', 'TRIAGE_AUTO', '分诊自动入队', '完成接诊', 0, 0, DATE_SUB(@seed_now, INTERVAL 8 MINUTE), DATE_SUB(@seed_now, INTERVAL 8 MINUTE)),
       (14, CONCAT(@seed_date, '-3-0002'), 'ENQUEUE', NULL, 'WAITING', 8, 8, 3, 8, 'system', 'TRIAGE_AUTO', '分诊自动入队', '入队', 0, 0, DATE_SUB(@seed_now, INTERVAL 14 MINUTE), DATE_SUB(@seed_now, INTERVAL 14 MINUTE)),
       (15, CONCAT(@seed_date, '-3-0002'), 'CALL_NEXT', 'WAITING', 'CALLING', 8, 8, 3, 8, 'doctor.sun', 'TRIAGE_AUTO', '分诊自动入队', '叫号', 0, 0, DATE_SUB(@seed_now, INTERVAL 9 MINUTE), DATE_SUB(@seed_now, INTERVAL 9 MINUTE)),
       (16, CONCAT(@seed_date, '-3-0002'), 'MISSED', 'CALLING', 'MISSED', 8, 8, 3, 8, 'doctor.sun', 'TRIAGE_AUTO', '分诊自动入队', '首次未到诊', 0, 0, DATE_SUB(@seed_now, INTERVAL 7 MINUTE), DATE_SUB(@seed_now, INTERVAL 7 MINUTE)),
       (17, CONCAT(@seed_date, '-3-0002'), 'RECALL', 'MISSED', 'CALLING', 8, 8, 3, 8, 'doctor.sun', 'TRIAGE_AUTO', '分诊自动入队', '复呼后重新接诊', 0, 0, DATE_SUB(@seed_now, INTERVAL 3 MINUTE), DATE_SUB(@seed_now, INTERVAL 3 MINUTE)),
       (18, CONCAT(@seed_date, '-3-0003'), 'ENQUEUE', NULL, 'WAITING', 9, 9, 3, 9, 'system', 'TRIAGE_AUTO', '分诊自动入队', '入队', 0, 0, DATE_SUB(@seed_now, INTERVAL 19 MINUTE), DATE_SUB(@seed_now, INTERVAL 19 MINUTE)),
       (19, CONCAT(@seed_date, '-4-0001'), 'ENQUEUE', NULL, 'WAITING', 10, 10, 4, 10, 'system', 'TRIAGE_AUTO', '分诊自动入队', '入队', 0, 0, DATE_SUB(@seed_now, INTERVAL 28 MINUTE), DATE_SUB(@seed_now, INTERVAL 28 MINUTE)),
       (20, CONCAT(@seed_date, '-4-0001'), 'CALL_NEXT', 'WAITING', 'CALLING', 10, 10, 4, 10, 'doctor.zhao', 'TRIAGE_AUTO', '分诊自动入队', '叫号', 0, 0, DATE_SUB(@seed_now, INTERVAL 15 MINUTE), DATE_SUB(@seed_now, INTERVAL 15 MINUTE)),
       (21, CONCAT(@seed_date, '-4-0001'), 'COMPLETE', 'CALLING', 'COMPLETED', 10, 10, 4, 10, 'doctor.zhao', 'TRIAGE_AUTO', '分诊自动入队', '完成接诊', 0, 0, DATE_SUB(@seed_now, INTERVAL 4 MINUTE), DATE_SUB(@seed_now, INTERVAL 4 MINUTE)),
       (22, CONCAT(@seed_date, '-4-0002'), 'ENQUEUE', NULL, 'WAITING', 11, 11, 4, 11, 'system', 'TRIAGE_AUTO', '分诊自动入队', '入队', 0, 0, DATE_SUB(@seed_now, INTERVAL 34 MINUTE), DATE_SUB(@seed_now, INTERVAL 34 MINUTE)),
       (23, CONCAT(@seed_date, '-4-0002'), 'MANUAL_ADJUST', 'WAITING', 'WAITING', 11, 11, 4, 11, 'admin', 'TRIAGE_AUTO', '分诊自动入队', '管理员调高优先级30分', 0, 0, DATE_SUB(@seed_now, INTERVAL 31 MINUTE), DATE_SUB(@seed_now, INTERVAL 31 MINUTE)),
       (24, CONCAT(@seed_date, '-5-0001'), 'ENQUEUE', NULL, 'WAITING', 13, 13, 5, 13, 'system', 'KIOSK', '院内自助机取号', '自助取号入队', 0, 0, DATE_SUB(@seed_now, INTERVAL 24 MINUTE), DATE_SUB(@seed_now, INTERVAL 24 MINUTE)),
       (25, CONCAT(@seed_date, '-5-0002'), 'ENQUEUE', NULL, 'WAITING', 14, 14, 5, 14, 'system', 'KIOSK', '院内自助机取号', '自助取号入队', 0, 0, DATE_SUB(@seed_now, INTERVAL 12 MINUTE), DATE_SUB(@seed_now, INTERVAL 12 MINUTE)),
       (26, CONCAT(@seed_date, '-5-0002'), 'CALL_NEXT', 'WAITING', 'CALLING', 14, 14, 5, 14, 'doctor.feng', 'KIOSK', '院内自助机取号', '叫号', 0, 0, DATE_SUB(@seed_now, INTERVAL 2 MINUTE), DATE_SUB(@seed_now, INTERVAL 2 MINUTE)),
       (27, CONCAT(@seed_date, '-6-0001'), 'ENQUEUE', NULL, 'WAITING', 15, 15, 6, 15, 'system', 'KIOSK', '院内自助机取号', '自助取号入队', 0, 0, DATE_SUB(@seed_now, INTERVAL 17 MINUTE), DATE_SUB(@seed_now, INTERVAL 17 MINUTE)),
       (28, CONCAT(@seed_date, '-6-0002'), 'ENQUEUE', NULL, 'WAITING', 16, 16, 6, 16, 'system', 'TRIAGE_AUTO', '分诊自动入队', '入队', 0, 0, DATE_SUB(@seed_now, INTERVAL 21 MINUTE), DATE_SUB(@seed_now, INTERVAL 21 MINUTE)),
       (29, CONCAT(@seed_date, '-6-0002'), 'CALL_NEXT', 'WAITING', 'CALLING', 16, 16, 6, 16, 'doctor.jiang', 'TRIAGE_AUTO', '分诊自动入队', '叫号', 0, 0, DATE_SUB(@seed_now, INTERVAL 7 MINUTE), DATE_SUB(@seed_now, INTERVAL 7 MINUTE)),
       (30, CONCAT(@seed_date, '-6-0002'), 'MISSED', 'CALLING', 'MISSED', 16, 16, 6, 16, 'doctor.jiang', 'TRIAGE_AUTO', '分诊自动入队', '过号', 0, 0, DATE_SUB(@seed_now, INTERVAL 7 MINUTE), DATE_SUB(@seed_now, INTERVAL 7 MINUTE)),
       (31, CONCAT(@seed_date, '-7-0001'), 'ENQUEUE', NULL, 'WAITING', 17, 17, 7, 17, 'system', 'TRIAGE_AUTO', '分诊自动入队', '入队', 0, 0, DATE_SUB(@seed_now, INTERVAL 13 MINUTE), DATE_SUB(@seed_now, INTERVAL 13 MINUTE)),
       (32, CONCAT(@seed_date, '-8-0001'), 'ENQUEUE', NULL, 'WAITING', 18, 18, 8, 18, 'system', 'TRIAGE_AUTO', '分诊自动入队', '入队', 0, 0, DATE_SUB(@seed_now, INTERVAL 25 MINUTE), DATE_SUB(@seed_now, INTERVAL 25 MINUTE)),
       (33, CONCAT(@seed_date, '-8-0001'), 'CALL_NEXT', 'WAITING', 'CALLING', 18, 18, 8, 18, 'doctor.luo', 'TRIAGE_AUTO', '分诊自动入队', '叫号', 0, 0, DATE_SUB(@seed_now, INTERVAL 11 MINUTE), DATE_SUB(@seed_now, INTERVAL 11 MINUTE)),
       (34, CONCAT(@seed_date, '-8-0001'), 'COMPLETE', 'CALLING', 'COMPLETED', 18, 18, 8, 18, 'doctor.luo', 'TRIAGE_AUTO', '分诊自动入队', '完成接诊', 0, 0, DATE_SUB(@seed_now, INTERVAL 1 MINUTE), DATE_SUB(@seed_now, INTERVAL 1 MINUTE))
ON DUPLICATE KEY UPDATE
       ticket_no = VALUES(ticket_no),
       event_type = VALUES(event_type),
       from_status = VALUES(from_status),
       to_status = VALUES(to_status),
       visit_id = VALUES(visit_id),
       patient_id = VALUES(patient_id),
       dept_id = VALUES(dept_id),
       room_id = VALUES(room_id),
       operator_name = VALUES(operator_name),
       source_type = VALUES(source_type),
       source_remark = VALUES(source_remark),
       remark = VALUES(remark),
       deleted = VALUES(deleted),
       version = VALUES(version),
       created_time = VALUES(created_time),
       updated_time = VALUES(updated_time);
