SET @emg_seed_now = NOW();
SET @emg_seed_date = DATE_FORMAT(@emg_seed_now, '%Y%m%d');

-- 急诊科 30 条业务测试数据
-- 状态覆盖：REGISTERED / ARRIVED / TRIAGED / QUEUING / IN_TREATMENT / COMPLETED / CANCELLED
-- 诊室轮询：急诊1诊室 / 急诊2诊室 / 急诊3诊室（room_id=1/2/3）
-- 依赖：clinic_dept.id=1，clinic_room.id IN (1,2,3)

INSERT INTO patient_info (id, patient_no, patient_name, gender, birth_date, phone, id_card, allergy_history, special_tags, current_status, current_visit_id, current_visit_no, current_dept_id, current_room_id, status_updated_time, deleted, version, created_time, updated_time)
VALUES (301, CONCAT('P', @emg_seed_date, '301'), '张建华', 'MALE', '1974-03-15', '13900000301', '110101197403150301', '无', '急诊,已挂号', 'REGISTERED', 301, CONCAT('V', @emg_seed_date, '301'), 1, NULL, DATE_SUB(@emg_seed_now, INTERVAL 90 MINUTE), 0, 0, DATE_SUB(@emg_seed_now, INTERVAL 90 MINUTE), DATE_SUB(@emg_seed_now, INTERVAL 90 MINUTE)),
       (302, CONCAT('P', @emg_seed_date, '302'), '李敏', 'FEMALE', '1986-08-21', '13900000302', '110101198608210302', '无', '急诊,已挂号', 'REGISTERED', 302, CONCAT('V', @emg_seed_date, '302'), 1, NULL, DATE_SUB(@emg_seed_now, INTERVAL 75 MINUTE), 0, 0, DATE_SUB(@emg_seed_now, INTERVAL 75 MINUTE), DATE_SUB(@emg_seed_now, INTERVAL 75 MINUTE)),
       (303, CONCAT('P', @emg_seed_date, '303'), '王涛', 'MALE', '1993-11-09', '13900000303', '110101199311090303', '无', '急诊,已挂号', 'REGISTERED', 303, CONCAT('V', @emg_seed_date, '303'), 1, NULL, DATE_SUB(@emg_seed_now, INTERVAL 60 MINUTE), 0, 0, DATE_SUB(@emg_seed_now, INTERVAL 60 MINUTE), DATE_SUB(@emg_seed_now, INTERVAL 60 MINUTE)),
       (304, CONCAT('P', @emg_seed_date, '304'), '陈静', 'FEMALE', '1979-04-13', '13900000304', '110101197904130304', '无', '急诊,已到诊', 'ARRIVED', 304, CONCAT('V', @emg_seed_date, '304'), 1, NULL, DATE_SUB(@emg_seed_now, INTERVAL 70 MINUTE), 0, 0, DATE_SUB(@emg_seed_now, INTERVAL 82 MINUTE), DATE_SUB(@emg_seed_now, INTERVAL 70 MINUTE)),
       (305, CONCAT('P', @emg_seed_date, '305'), '刘洋', 'MALE', '1982-06-06', '13900000305', '110101198206060305', '青霉素', '急诊,已到诊', 'ARRIVED', 305, CONCAT('V', @emg_seed_date, '305'), 1, NULL, DATE_SUB(@emg_seed_now, INTERVAL 55 MINUTE), 0, 0, DATE_SUB(@emg_seed_now, INTERVAL 68 MINUTE), DATE_SUB(@emg_seed_now, INTERVAL 55 MINUTE)),
       (306, CONCAT('P', @emg_seed_date, '306'), '赵雪', 'FEMALE', '1990-01-28', '13900000306', '110101199001280306', '无', '急诊,已到诊', 'ARRIVED', 306, CONCAT('V', @emg_seed_date, '306'), 1, NULL, DATE_SUB(@emg_seed_now, INTERVAL 35 MINUTE), 0, 0, DATE_SUB(@emg_seed_now, INTERVAL 52 MINUTE), DATE_SUB(@emg_seed_now, INTERVAL 35 MINUTE)),
       (307, CONCAT('P', @emg_seed_date, '307'), '孙磊', 'MALE', '2001-09-17', '13900000307', '110101200109170307', '无', '急诊,已到诊', 'ARRIVED', 307, CONCAT('V', @emg_seed_date, '307'), 1, NULL, DATE_SUB(@emg_seed_now, INTERVAL 20 MINUTE), 0, 0, DATE_SUB(@emg_seed_now, INTERVAL 36 MINUTE), DATE_SUB(@emg_seed_now, INTERVAL 20 MINUTE)),
       (308, CONCAT('P', @emg_seed_date, '308'), '周梅', 'FEMALE', '1984-05-02', '13900000308', '110101198405020308', '无', '急诊,已分诊', 'TRIAGED', 308, CONCAT('V', @emg_seed_date, '308'), 1, 1, DATE_SUB(@emg_seed_now, INTERVAL 32 MINUTE), 0, 0, DATE_SUB(@emg_seed_now, INTERVAL 58 MINUTE), DATE_SUB(@emg_seed_now, INTERVAL 32 MINUTE)),
       (309, CONCAT('P', @emg_seed_date, '309'), '吴峰', 'MALE', '1971-12-11', '13900000309', '110101197112110309', '阿司匹林', '急诊,已分诊', 'TRIAGED', 309, CONCAT('V', @emg_seed_date, '309'), 1, 2, DATE_SUB(@emg_seed_now, INTERVAL 30 MINUTE), 0, 0, DATE_SUB(@emg_seed_now, INTERVAL 56 MINUTE), DATE_SUB(@emg_seed_now, INTERVAL 30 MINUTE)),
       (310, CONCAT('P', @emg_seed_date, '310'), '郑琳', 'FEMALE', '1995-07-19', '13900000310', '110101199507190310', '无', '急诊,已分诊', 'TRIAGED', 310, CONCAT('V', @emg_seed_date, '310'), 1, 3, DATE_SUB(@emg_seed_now, INTERVAL 28 MINUTE), 0, 0, DATE_SUB(@emg_seed_now, INTERVAL 54 MINUTE), DATE_SUB(@emg_seed_now, INTERVAL 28 MINUTE)),
       (311, CONCAT('P', @emg_seed_date, '311'), '冯凯', 'MALE', '1988-02-24', '13900000311', '110101198802240311', '无', '急诊,已分诊', 'TRIAGED', 311, CONCAT('V', @emg_seed_date, '311'), 1, 1, DATE_SUB(@emg_seed_now, INTERVAL 24 MINUTE), 0, 0, DATE_SUB(@emg_seed_now, INTERVAL 50 MINUTE), DATE_SUB(@emg_seed_now, INTERVAL 24 MINUTE)),
       (312, CONCAT('P', @emg_seed_date, '312'), '褚颖', 'FEMALE', '1977-10-03', '13900000312', '110101197710030312', '海鲜', '急诊,已分诊', 'TRIAGED', 312, CONCAT('V', @emg_seed_date, '312'), 1, 2, DATE_SUB(@emg_seed_now, INTERVAL 18 MINUTE), 0, 0, DATE_SUB(@emg_seed_now, INTERVAL 46 MINUTE), DATE_SUB(@emg_seed_now, INTERVAL 18 MINUTE)),
       (313, CONCAT('P', @emg_seed_date, '313'), '卫东', 'MALE', '1968-03-26', '13900000313', '110101196803260313', '无', '急诊,排队中,胸痛', 'QUEUING', 313, CONCAT('V', @emg_seed_date, '313'), 1, 3, DATE_SUB(@emg_seed_now, INTERVAL 42 MINUTE), 0, 0, DATE_SUB(@emg_seed_now, INTERVAL 64 MINUTE), DATE_SUB(@emg_seed_now, INTERVAL 42 MINUTE)),
       (314, CONCAT('P', @emg_seed_date, '314'), '蒋倩', 'FEMALE', '1992-08-18', '13900000314', '110101199208180314', '无', '急诊,排队中,呼吸困难', 'QUEUING', 314, CONCAT('V', @emg_seed_date, '314'), 1, 1, DATE_SUB(@emg_seed_now, INTERVAL 39 MINUTE), 0, 0, DATE_SUB(@emg_seed_now, INTERVAL 60 MINUTE), DATE_SUB(@emg_seed_now, INTERVAL 39 MINUTE)),
       (315, CONCAT('P', @emg_seed_date, '315'), '沈军', 'MALE', '1981-09-05', '13900000315', '110101198109050315', '无', '急诊,排队中,外伤', 'QUEUING', 315, CONCAT('V', @emg_seed_date, '315'), 1, 2, DATE_SUB(@emg_seed_now, INTERVAL 36 MINUTE), 0, 0, DATE_SUB(@emg_seed_now, INTERVAL 58 MINUTE), DATE_SUB(@emg_seed_now, INTERVAL 36 MINUTE)),
       (316, CONCAT('P', @emg_seed_date, '316'), '韩静', 'FEMALE', '1985-11-30', '13900000316', '110101198511300316', '无', '急诊,排队中,腹痛', 'QUEUING', 316, CONCAT('V', @emg_seed_date, '316'), 1, 3, DATE_SUB(@emg_seed_now, INTERVAL 33 MINUTE), 0, 0, DATE_SUB(@emg_seed_now, INTERVAL 54 MINUTE), DATE_SUB(@emg_seed_now, INTERVAL 33 MINUTE)),
       (317, CONCAT('P', @emg_seed_date, '317'), '杨雷', 'MALE', '1976-06-16', '13900000317', '110101197606160317', '无', '急诊,排队中,过敏', 'QUEUING', 317, CONCAT('V', @emg_seed_date, '317'), 1, 1, DATE_SUB(@emg_seed_now, INTERVAL 30 MINUTE), 0, 0, DATE_SUB(@emg_seed_now, INTERVAL 50 MINUTE), DATE_SUB(@emg_seed_now, INTERVAL 30 MINUTE)),
       (318, CONCAT('P', @emg_seed_date, '318'), '朱敏', 'FEMALE', '1998-01-07', '13900000318', '110101199801070318', '无', '急诊,排队中,发热', 'QUEUING', 318, CONCAT('V', @emg_seed_date, '318'), 1, 2, DATE_SUB(@emg_seed_now, INTERVAL 27 MINUTE), 0, 0, DATE_SUB(@emg_seed_now, INTERVAL 46 MINUTE), DATE_SUB(@emg_seed_now, INTERVAL 27 MINUTE)),
       (319, CONCAT('P', @emg_seed_date, '319'), '秦浩', 'MALE', '1990-04-09', '13900000319', '110101199004090319', '无', '急诊,排队中,头部外伤', 'QUEUING', 319, CONCAT('V', @emg_seed_date, '319'), 1, 3, DATE_SUB(@emg_seed_now, INTERVAL 24 MINUTE), 0, 0, DATE_SUB(@emg_seed_now, INTERVAL 42 MINUTE), DATE_SUB(@emg_seed_now, INTERVAL 24 MINUTE)),
       (320, CONCAT('P', @emg_seed_date, '320'), '尤娜', 'FEMALE', '1987-03-22', '13900000320', '110101198703220320', '无', '急诊,排队中,头晕', 'QUEUING', 320, CONCAT('V', @emg_seed_date, '320'), 1, 1, DATE_SUB(@emg_seed_now, INTERVAL 21 MINUTE), 0, 0, DATE_SUB(@emg_seed_now, INTERVAL 38 MINUTE), DATE_SUB(@emg_seed_now, INTERVAL 21 MINUTE)),
       (321, CONCAT('P', @emg_seed_date, '321'), '许晨', 'MALE', '2002-10-12', '13900000321', '110101200210120321', '无', '急诊,排队中,扭伤', 'QUEUING', 321, CONCAT('V', @emg_seed_date, '321'), 1, 2, DATE_SUB(@emg_seed_now, INTERVAL 18 MINUTE), 0, 0, DATE_SUB(@emg_seed_now, INTERVAL 34 MINUTE), DATE_SUB(@emg_seed_now, INTERVAL 18 MINUTE)),
       (322, CONCAT('P', @emg_seed_date, '322'), '何芳', 'FEMALE', '1973-12-01', '13900000322', '110101197312010322', '无', '急诊,排队中,心悸', 'QUEUING', 322, CONCAT('V', @emg_seed_date, '322'), 1, 3, DATE_SUB(@emg_seed_now, INTERVAL 15 MINUTE), 0, 0, DATE_SUB(@emg_seed_now, INTERVAL 30 MINUTE), DATE_SUB(@emg_seed_now, INTERVAL 15 MINUTE)),
       (323, CONCAT('P', @emg_seed_date, '323'), '吕强', 'MALE', '1969-07-04', '13900000323', '110101196907040323', '无', '急诊,就诊中,胸闷', 'IN_TREATMENT', 323, CONCAT('V', @emg_seed_date, '323'), 1, 1, DATE_SUB(@emg_seed_now, INTERVAL 6 MINUTE), 0, 0, DATE_SUB(@emg_seed_now, INTERVAL 26 MINUTE), DATE_SUB(@emg_seed_now, INTERVAL 6 MINUTE)),
       (324, CONCAT('P', @emg_seed_date, '324'), '施宁', 'FEMALE', '1994-05-14', '13900000324', '110101199405140324', '无', '急诊,就诊中,头痛', 'IN_TREATMENT', 324, CONCAT('V', @emg_seed_date, '324'), 1, 2, DATE_SUB(@emg_seed_now, INTERVAL 5 MINUTE), 0, 0, DATE_SUB(@emg_seed_now, INTERVAL 24 MINUTE), DATE_SUB(@emg_seed_now, INTERVAL 5 MINUTE)),
       (325, CONCAT('P', @emg_seed_date, '325'), '孔伟', 'MALE', '1980-02-08', '13900000325', '110101198002080325', '无', '急诊,就诊中,烧伤', 'IN_TREATMENT', 325, CONCAT('V', @emg_seed_date, '325'), 1, 3, DATE_SUB(@emg_seed_now, INTERVAL 4 MINUTE), 0, 0, DATE_SUB(@emg_seed_now, INTERVAL 22 MINUTE), DATE_SUB(@emg_seed_now, INTERVAL 4 MINUTE)),
       (326, CONCAT('P', @emg_seed_date, '326'), '曹丽', 'FEMALE', '1983-01-18', '13900000326', '110101198301180326', '无', '急诊,已完成,咳血', 'COMPLETED', 326, CONCAT('V', @emg_seed_date, '326'), 1, 1, DATE_SUB(@emg_seed_now, INTERVAL 3 MINUTE), 0, 0, DATE_SUB(@emg_seed_now, INTERVAL 28 MINUTE), DATE_SUB(@emg_seed_now, INTERVAL 3 MINUTE)),
       (327, CONCAT('P', @emg_seed_date, '327'), '严鹏', 'MALE', '1975-09-27', '13900000327', '110101197509270327', '无', '急诊,已完成,外伤', 'COMPLETED', 327, CONCAT('V', @emg_seed_date, '327'), 1, 2, DATE_SUB(@emg_seed_now, INTERVAL 2 MINUTE), 0, 0, DATE_SUB(@emg_seed_now, INTERVAL 25 MINUTE), DATE_SUB(@emg_seed_now, INTERVAL 2 MINUTE)),
       (328, CONCAT('P', @emg_seed_date, '328'), '华敏', 'FEMALE', '1991-06-29', '13900000328', '110101199106290328', '无', '急诊,已完成,腹痛', 'COMPLETED', 328, CONCAT('V', @emg_seed_date, '328'), 1, 3, DATE_SUB(@emg_seed_now, INTERVAL 1 MINUTE), 0, 0, DATE_SUB(@emg_seed_now, INTERVAL 22 MINUTE), DATE_SUB(@emg_seed_now, INTERVAL 1 MINUTE)),
       (329, CONCAT('P', @emg_seed_date, '329'), '金涛', 'MALE', '1986-12-02', '13900000329', '110101198612020329', '无', '急诊,已取消,发热', 'CANCELLED', 329, CONCAT('V', @emg_seed_date, '329'), 1, 1, DATE_SUB(@emg_seed_now, INTERVAL 6 MINUTE), 0, 0, DATE_SUB(@emg_seed_now, INTERVAL 20 MINUTE), DATE_SUB(@emg_seed_now, INTERVAL 6 MINUTE)),
       (330, CONCAT('P', @emg_seed_date, '330'), '魏婷', 'FEMALE', '1997-04-25', '13900000330', '110101199704250330', '无', '急诊,已取消,轻伤', 'CANCELLED', 330, CONCAT('V', @emg_seed_date, '330'), 1, 2, DATE_SUB(@emg_seed_now, INTERVAL 3 MINUTE), 0, 0, DATE_SUB(@emg_seed_now, INTERVAL 18 MINUTE), DATE_SUB(@emg_seed_now, INTERVAL 3 MINUTE))
ON DUPLICATE KEY UPDATE
       patient_no = VALUES(patient_no),
       patient_name = VALUES(patient_name),
       gender = VALUES(gender),
       birth_date = VALUES(birth_date),
       phone = VALUES(phone),
       id_card = VALUES(id_card),
       allergy_history = VALUES(allergy_history),
       special_tags = VALUES(special_tags),
       current_status = VALUES(current_status),
       current_visit_id = VALUES(current_visit_id),
       current_visit_no = VALUES(current_visit_no),
       current_dept_id = VALUES(current_dept_id),
       current_room_id = VALUES(current_room_id),
       status_updated_time = VALUES(status_updated_time),
       deleted = VALUES(deleted),
       version = VALUES(version),
       created_time = VALUES(created_time),
       updated_time = VALUES(updated_time);

INSERT INTO visit_record (id, patient_id, visit_no, status, register_time, arrival_time, chief_complaint, current_dept_id, current_room_id, deleted, version, created_time, updated_time)
VALUES (301, 301, CONCAT('V', @emg_seed_date, '301'), 'REGISTERED', DATE_SUB(@emg_seed_now, INTERVAL 90 MINUTE), NULL, '突发胸闷待到院', 1, NULL, 0, 0, DATE_SUB(@emg_seed_now, INTERVAL 90 MINUTE), DATE_SUB(@emg_seed_now, INTERVAL 90 MINUTE)),
       (302, 302, CONCAT('V', @emg_seed_date, '302'), 'REGISTERED', DATE_SUB(@emg_seed_now, INTERVAL 75 MINUTE), NULL, '头晕待到院', 1, NULL, 0, 0, DATE_SUB(@emg_seed_now, INTERVAL 75 MINUTE), DATE_SUB(@emg_seed_now, INTERVAL 75 MINUTE)),
       (303, 303, CONCAT('V', @emg_seed_date, '303'), 'REGISTERED', DATE_SUB(@emg_seed_now, INTERVAL 60 MINUTE), NULL, '轻度外伤待到院', 1, NULL, 0, 0, DATE_SUB(@emg_seed_now, INTERVAL 60 MINUTE), DATE_SUB(@emg_seed_now, INTERVAL 60 MINUTE)),
       (304, 304, CONCAT('V', @emg_seed_date, '304'), 'ARRIVED', DATE_SUB(@emg_seed_now, INTERVAL 82 MINUTE), DATE_SUB(@emg_seed_now, INTERVAL 70 MINUTE), '胸痛待分诊', 1, NULL, 0, 0, DATE_SUB(@emg_seed_now, INTERVAL 82 MINUTE), DATE_SUB(@emg_seed_now, INTERVAL 70 MINUTE)),
       (305, 305, CONCAT('V', @emg_seed_date, '305'), 'ARRIVED', DATE_SUB(@emg_seed_now, INTERVAL 68 MINUTE), DATE_SUB(@emg_seed_now, INTERVAL 55 MINUTE), '呼吸困难待分诊', 1, NULL, 0, 0, DATE_SUB(@emg_seed_now, INTERVAL 68 MINUTE), DATE_SUB(@emg_seed_now, INTERVAL 55 MINUTE)),
       (306, 306, CONCAT('V', @emg_seed_date, '306'), 'ARRIVED', DATE_SUB(@emg_seed_now, INTERVAL 52 MINUTE), DATE_SUB(@emg_seed_now, INTERVAL 35 MINUTE), '发热待分诊', 1, NULL, 0, 0, DATE_SUB(@emg_seed_now, INTERVAL 52 MINUTE), DATE_SUB(@emg_seed_now, INTERVAL 35 MINUTE)),
       (307, 307, CONCAT('V', @emg_seed_date, '307'), 'ARRIVED', DATE_SUB(@emg_seed_now, INTERVAL 36 MINUTE), DATE_SUB(@emg_seed_now, INTERVAL 20 MINUTE), '足踝扭伤待分诊', 1, NULL, 0, 0, DATE_SUB(@emg_seed_now, INTERVAL 36 MINUTE), DATE_SUB(@emg_seed_now, INTERVAL 20 MINUTE)),
       (308, 308, CONCAT('V', @emg_seed_date, '308'), 'TRIAGED', DATE_SUB(@emg_seed_now, INTERVAL 58 MINUTE), DATE_SUB(@emg_seed_now, INTERVAL 44 MINUTE), '胸闷伴乏力', 1, 1, 0, 0, DATE_SUB(@emg_seed_now, INTERVAL 58 MINUTE), DATE_SUB(@emg_seed_now, INTERVAL 32 MINUTE)),
       (309, 309, CONCAT('V', @emg_seed_date, '309'), 'TRIAGED', DATE_SUB(@emg_seed_now, INTERVAL 56 MINUTE), DATE_SUB(@emg_seed_now, INTERVAL 43 MINUTE), '胸痛病史复发', 1, 2, 0, 0, DATE_SUB(@emg_seed_now, INTERVAL 56 MINUTE), DATE_SUB(@emg_seed_now, INTERVAL 30 MINUTE)),
       (310, 310, CONCAT('V', @emg_seed_date, '310'), 'TRIAGED', DATE_SUB(@emg_seed_now, INTERVAL 54 MINUTE), DATE_SUB(@emg_seed_now, INTERVAL 41 MINUTE), '恶心伴头痛', 1, 3, 0, 0, DATE_SUB(@emg_seed_now, INTERVAL 54 MINUTE), DATE_SUB(@emg_seed_now, INTERVAL 28 MINUTE)),
       (311, 311, CONCAT('V', @emg_seed_date, '311'), 'TRIAGED', DATE_SUB(@emg_seed_now, INTERVAL 50 MINUTE), DATE_SUB(@emg_seed_now, INTERVAL 37 MINUTE), '外伤后疼痛', 1, 1, 0, 0, DATE_SUB(@emg_seed_now, INTERVAL 50 MINUTE), DATE_SUB(@emg_seed_now, INTERVAL 24 MINUTE)),
       (312, 312, CONCAT('V', @emg_seed_date, '312'), 'TRIAGED', DATE_SUB(@emg_seed_now, INTERVAL 46 MINUTE), DATE_SUB(@emg_seed_now, INTERVAL 34 MINUTE), '心悸待排队', 1, 2, 0, 0, DATE_SUB(@emg_seed_now, INTERVAL 46 MINUTE), DATE_SUB(@emg_seed_now, INTERVAL 18 MINUTE)),
       (313, 313, CONCAT('V', @emg_seed_date, '313'), 'QUEUING', DATE_SUB(@emg_seed_now, INTERVAL 64 MINUTE), DATE_SUB(@emg_seed_now, INTERVAL 56 MINUTE), '胸痛伴出汗', 1, 3, 0, 0, DATE_SUB(@emg_seed_now, INTERVAL 64 MINUTE), DATE_SUB(@emg_seed_now, INTERVAL 42 MINUTE)),
       (314, 314, CONCAT('V', @emg_seed_date, '314'), 'QUEUING', DATE_SUB(@emg_seed_now, INTERVAL 60 MINUTE), DATE_SUB(@emg_seed_now, INTERVAL 52 MINUTE), '呼吸困难伴胸闷', 1, 1, 0, 0, DATE_SUB(@emg_seed_now, INTERVAL 60 MINUTE), DATE_SUB(@emg_seed_now, INTERVAL 39 MINUTE)),
       (315, 315, CONCAT('V', @emg_seed_date, '315'), 'QUEUING', DATE_SUB(@emg_seed_now, INTERVAL 58 MINUTE), DATE_SUB(@emg_seed_now, INTERVAL 49 MINUTE), '小腿外伤疼痛', 1, 2, 0, 0, DATE_SUB(@emg_seed_now, INTERVAL 58 MINUTE), DATE_SUB(@emg_seed_now, INTERVAL 36 MINUTE)),
       (316, 316, CONCAT('V', @emg_seed_date, '316'), 'QUEUING', DATE_SUB(@emg_seed_now, INTERVAL 54 MINUTE), DATE_SUB(@emg_seed_now, INTERVAL 46 MINUTE), '剧烈腹痛', 1, 3, 0, 0, DATE_SUB(@emg_seed_now, INTERVAL 54 MINUTE), DATE_SUB(@emg_seed_now, INTERVAL 33 MINUTE)),
       (317, 317, CONCAT('V', @emg_seed_date, '317'), 'QUEUING', DATE_SUB(@emg_seed_now, INTERVAL 50 MINUTE), DATE_SUB(@emg_seed_now, INTERVAL 42 MINUTE), '过敏性皮疹伴气促', 1, 1, 0, 0, DATE_SUB(@emg_seed_now, INTERVAL 50 MINUTE), DATE_SUB(@emg_seed_now, INTERVAL 30 MINUTE)),
       (318, 318, CONCAT('V', @emg_seed_date, '318'), 'QUEUING', DATE_SUB(@emg_seed_now, INTERVAL 46 MINUTE), DATE_SUB(@emg_seed_now, INTERVAL 38 MINUTE), '高热伴脱水', 1, 2, 0, 0, DATE_SUB(@emg_seed_now, INTERVAL 46 MINUTE), DATE_SUB(@emg_seed_now, INTERVAL 27 MINUTE)),
       (319, 319, CONCAT('V', @emg_seed_date, '319'), 'QUEUING', DATE_SUB(@emg_seed_now, INTERVAL 42 MINUTE), DATE_SUB(@emg_seed_now, INTERVAL 35 MINUTE), '头部外伤后头晕', 1, 3, 0, 0, DATE_SUB(@emg_seed_now, INTERVAL 42 MINUTE), DATE_SUB(@emg_seed_now, INTERVAL 24 MINUTE)),
       (320, 320, CONCAT('V', @emg_seed_date, '320'), 'QUEUING', DATE_SUB(@emg_seed_now, INTERVAL 38 MINUTE), DATE_SUB(@emg_seed_now, INTERVAL 31 MINUTE), '头晕伴乏力', 1, 1, 0, 0, DATE_SUB(@emg_seed_now, INTERVAL 38 MINUTE), DATE_SUB(@emg_seed_now, INTERVAL 21 MINUTE)),
       (321, 321, CONCAT('V', @emg_seed_date, '321'), 'QUEUING', DATE_SUB(@emg_seed_now, INTERVAL 34 MINUTE), DATE_SUB(@emg_seed_now, INTERVAL 28 MINUTE), '踝关节扭伤', 1, 2, 0, 0, DATE_SUB(@emg_seed_now, INTERVAL 34 MINUTE), DATE_SUB(@emg_seed_now, INTERVAL 18 MINUTE)),
       (322, 322, CONCAT('V', @emg_seed_date, '322'), 'QUEUING', DATE_SUB(@emg_seed_now, INTERVAL 30 MINUTE), DATE_SUB(@emg_seed_now, INTERVAL 24 MINUTE), '心悸伴不适', 1, 3, 0, 0, DATE_SUB(@emg_seed_now, INTERVAL 30 MINUTE), DATE_SUB(@emg_seed_now, INTERVAL 15 MINUTE)),
       (323, 323, CONCAT('V', @emg_seed_date, '323'), 'IN_TREATMENT', DATE_SUB(@emg_seed_now, INTERVAL 26 MINUTE), DATE_SUB(@emg_seed_now, INTERVAL 22 MINUTE), '胸闷伴呼吸急促', 1, 1, 0, 0, DATE_SUB(@emg_seed_now, INTERVAL 26 MINUTE), DATE_SUB(@emg_seed_now, INTERVAL 6 MINUTE)),
       (324, 324, CONCAT('V', @emg_seed_date, '324'), 'IN_TREATMENT', DATE_SUB(@emg_seed_now, INTERVAL 24 MINUTE), DATE_SUB(@emg_seed_now, INTERVAL 20 MINUTE), '剧烈头痛', 1, 2, 0, 0, DATE_SUB(@emg_seed_now, INTERVAL 24 MINUTE), DATE_SUB(@emg_seed_now, INTERVAL 5 MINUTE)),
       (325, 325, CONCAT('V', @emg_seed_date, '325'), 'IN_TREATMENT', DATE_SUB(@emg_seed_now, INTERVAL 22 MINUTE), DATE_SUB(@emg_seed_now, INTERVAL 18 MINUTE), '手部烧伤', 1, 3, 0, 0, DATE_SUB(@emg_seed_now, INTERVAL 22 MINUTE), DATE_SUB(@emg_seed_now, INTERVAL 4 MINUTE)),
       (326, 326, CONCAT('V', @emg_seed_date, '326'), 'COMPLETED', DATE_SUB(@emg_seed_now, INTERVAL 28 MINUTE), DATE_SUB(@emg_seed_now, INTERVAL 24 MINUTE), '咳血一次', 1, 1, 0, 0, DATE_SUB(@emg_seed_now, INTERVAL 28 MINUTE), DATE_SUB(@emg_seed_now, INTERVAL 3 MINUTE)),
       (327, 327, CONCAT('V', @emg_seed_date, '327'), 'COMPLETED', DATE_SUB(@emg_seed_now, INTERVAL 25 MINUTE), DATE_SUB(@emg_seed_now, INTERVAL 21 MINUTE), '外伤清创复查', 1, 2, 0, 0, DATE_SUB(@emg_seed_now, INTERVAL 25 MINUTE), DATE_SUB(@emg_seed_now, INTERVAL 2 MINUTE)),
       (328, 328, CONCAT('V', @emg_seed_date, '328'), 'COMPLETED', DATE_SUB(@emg_seed_now, INTERVAL 22 MINUTE), DATE_SUB(@emg_seed_now, INTERVAL 18 MINUTE), '腹痛已处理', 1, 3, 0, 0, DATE_SUB(@emg_seed_now, INTERVAL 22 MINUTE), DATE_SUB(@emg_seed_now, INTERVAL 1 MINUTE)),
       (329, 329, CONCAT('V', @emg_seed_date, '329'), 'CANCELLED', DATE_SUB(@emg_seed_now, INTERVAL 20 MINUTE), DATE_SUB(@emg_seed_now, INTERVAL 16 MINUTE), '发热后改人工处理', 1, 1, 0, 0, DATE_SUB(@emg_seed_now, INTERVAL 20 MINUTE), DATE_SUB(@emg_seed_now, INTERVAL 6 MINUTE)),
       (330, 330, CONCAT('V', @emg_seed_date, '330'), 'CANCELLED', DATE_SUB(@emg_seed_now, INTERVAL 18 MINUTE), DATE_SUB(@emg_seed_now, INTERVAL 14 MINUTE), '轻伤后主动取消', 1, 2, 0, 0, DATE_SUB(@emg_seed_now, INTERVAL 18 MINUTE), DATE_SUB(@emg_seed_now, INTERVAL 3 MINUTE))
ON DUPLICATE KEY UPDATE
       patient_id = VALUES(patient_id),
       visit_no = VALUES(visit_no),
       status = VALUES(status),
       register_time = VALUES(register_time),
       arrival_time = VALUES(arrival_time),
       chief_complaint = VALUES(chief_complaint),
       current_dept_id = VALUES(current_dept_id),
       current_room_id = VALUES(current_room_id),
       deleted = VALUES(deleted),
       version = VALUES(version),
       created_time = VALUES(created_time),
       updated_time = VALUES(updated_time);

INSERT INTO triage_assessment (id, visit_id, symptom_tags, body_temperature, heart_rate, blood_pressure, blood_oxygen, age, gender, elderly, pregnant, child, disabled, revisit, triage_level, recommend_dept_id, priority_score, fast_track, manual_adjust_score, assessor, assessed_time, deleted, version, created_time, updated_time)
VALUES (308, 308, '胸闷,乏力', 36.7, 96, '138/86', 98, 41, 'FEMALE', 0, 0, 0, 0, 0, 3, 1, 720, 0, 0, 'triage-nurse', DATE_SUB(@emg_seed_now, INTERVAL 32 MINUTE), 0, 0, DATE_SUB(@emg_seed_now, INTERVAL 32 MINUTE), DATE_SUB(@emg_seed_now, INTERVAL 32 MINUTE)),
       (309, 309, '胸痛,心慌', 36.8, 102, '146/92', 96, 54, 'MALE', 1, 0, 0, 0, 1, 2, 1, 920, 1, 0, 'triage-nurse', DATE_SUB(@emg_seed_now, INTERVAL 30 MINUTE), 0, 0, DATE_SUB(@emg_seed_now, INTERVAL 30 MINUTE), DATE_SUB(@emg_seed_now, INTERVAL 30 MINUTE)),
       (310, 310, '恶心,头痛', 36.6, 88, '124/78', 99, 30, 'FEMALE', 0, 0, 0, 0, 0, 4, 1, 520, 0, 0, 'triage-nurse', DATE_SUB(@emg_seed_now, INTERVAL 28 MINUTE), 0, 0, DATE_SUB(@emg_seed_now, INTERVAL 28 MINUTE), DATE_SUB(@emg_seed_now, INTERVAL 28 MINUTE)),
       (311, 311, '外伤,疼痛', 36.5, 90, '126/80', 99, 37, 'MALE', 0, 0, 0, 0, 0, 3, 1, 680, 0, 0, 'triage-nurse', DATE_SUB(@emg_seed_now, INTERVAL 24 MINUTE), 0, 0, DATE_SUB(@emg_seed_now, INTERVAL 24 MINUTE), DATE_SUB(@emg_seed_now, INTERVAL 24 MINUTE)),
       (312, 312, '心悸,不适', 36.7, 98, '132/84', 98, 48, 'FEMALE', 0, 0, 0, 0, 1, 3, 1, 700, 0, 0, 'triage-nurse', DATE_SUB(@emg_seed_now, INTERVAL 18 MINUTE), 0, 0, DATE_SUB(@emg_seed_now, INTERVAL 18 MINUTE), DATE_SUB(@emg_seed_now, INTERVAL 18 MINUTE)),
       (313, 313, '胸痛,出汗', 36.8, 112, '154/96', 93, 57, 'MALE', 1, 0, 0, 0, 0, 1, 1, 1180, 1, 0, 'kiosk', DATE_SUB(@emg_seed_now, INTERVAL 44 MINUTE), 0, 0, DATE_SUB(@emg_seed_now, INTERVAL 44 MINUTE), DATE_SUB(@emg_seed_now, INTERVAL 44 MINUTE)),
       (314, 314, '呼吸困难,胸闷', 37.1, 118, '148/92', 89, 33, 'FEMALE', 0, 0, 0, 0, 0, 1, 1, 1160, 1, 0, 'kiosk', DATE_SUB(@emg_seed_now, INTERVAL 41 MINUTE), 0, 0, DATE_SUB(@emg_seed_now, INTERVAL 41 MINUTE), DATE_SUB(@emg_seed_now, INTERVAL 41 MINUTE)),
       (315, 315, '外伤,疼痛', 36.6, 96, '132/82', 99, 44, 'MALE', 0, 0, 0, 0, 0, 2, 1, 900, 1, 0, 'kiosk', DATE_SUB(@emg_seed_now, INTERVAL 38 MINUTE), 0, 0, DATE_SUB(@emg_seed_now, INTERVAL 38 MINUTE), DATE_SUB(@emg_seed_now, INTERVAL 38 MINUTE)),
       (316, 316, '剧烈腹痛,恶心', 37.2, 108, '128/80', 97, 40, 'FEMALE', 0, 0, 0, 0, 0, 2, 1, 940, 1, 0, 'kiosk', DATE_SUB(@emg_seed_now, INTERVAL 35 MINUTE), 0, 0, DATE_SUB(@emg_seed_now, INTERVAL 35 MINUTE), DATE_SUB(@emg_seed_now, INTERVAL 35 MINUTE)),
       (317, 317, '过敏,气促', 36.9, 104, '126/78', 95, 49, 'MALE', 0, 0, 0, 0, 0, 2, 1, 920, 1, 0, 'kiosk', DATE_SUB(@emg_seed_now, INTERVAL 32 MINUTE), 0, 0, DATE_SUB(@emg_seed_now, INTERVAL 32 MINUTE), DATE_SUB(@emg_seed_now, INTERVAL 32 MINUTE)),
       (318, 318, '发热,脱水', 38.4, 110, '112/68', 98, 27, 'FEMALE', 0, 0, 0, 0, 0, 3, 1, 720, 0, 0, 'kiosk', DATE_SUB(@emg_seed_now, INTERVAL 29 MINUTE), 0, 0, DATE_SUB(@emg_seed_now, INTERVAL 29 MINUTE), DATE_SUB(@emg_seed_now, INTERVAL 29 MINUTE)),
       (319, 319, '头部外伤,头晕', 36.7, 94, '128/82', 98, 35, 'MALE', 0, 0, 0, 0, 0, 2, 1, 860, 1, 0, 'kiosk', DATE_SUB(@emg_seed_now, INTERVAL 26 MINUTE), 0, 0, DATE_SUB(@emg_seed_now, INTERVAL 26 MINUTE), DATE_SUB(@emg_seed_now, INTERVAL 26 MINUTE)),
       (320, 320, '头晕,乏力', 36.5, 90, '136/84', 99, 38, 'FEMALE', 0, 0, 0, 0, 0, 4, 1, 520, 0, 0, 'kiosk', DATE_SUB(@emg_seed_now, INTERVAL 23 MINUTE), 0, 0, DATE_SUB(@emg_seed_now, INTERVAL 23 MINUTE), DATE_SUB(@emg_seed_now, INTERVAL 23 MINUTE)),
       (321, 321, '扭伤,疼痛', 36.4, 86, '118/74', 99, 22, 'MALE', 0, 0, 0, 0, 0, 4, 1, 500, 0, 0, 'kiosk', DATE_SUB(@emg_seed_now, INTERVAL 20 MINUTE), 0, 0, DATE_SUB(@emg_seed_now, INTERVAL 20 MINUTE), DATE_SUB(@emg_seed_now, INTERVAL 20 MINUTE)),
       (322, 322, '心悸,胸闷', 36.6, 98, '132/82', 98, 51, 'FEMALE', 1, 0, 0, 0, 1, 3, 1, 700, 0, 0, 'kiosk', DATE_SUB(@emg_seed_now, INTERVAL 17 MINUTE), 0, 0, DATE_SUB(@emg_seed_now, INTERVAL 17 MINUTE), DATE_SUB(@emg_seed_now, INTERVAL 17 MINUTE)),
       (323, 323, '胸闷,呼吸急促', 36.8, 108, '142/88', 95, 56, 'MALE', 1, 0, 0, 0, 1, 2, 1, 940, 1, 0, 'kiosk', DATE_SUB(@emg_seed_now, INTERVAL 16 MINUTE), 0, 0, DATE_SUB(@emg_seed_now, INTERVAL 16 MINUTE), DATE_SUB(@emg_seed_now, INTERVAL 16 MINUTE)),
       (324, 324, '头痛,恶心', 36.6, 92, '130/82', 99, 31, 'FEMALE', 0, 0, 0, 0, 0, 3, 1, 680, 0, 0, 'kiosk', DATE_SUB(@emg_seed_now, INTERVAL 14 MINUTE), 0, 0, DATE_SUB(@emg_seed_now, INTERVAL 14 MINUTE), DATE_SUB(@emg_seed_now, INTERVAL 14 MINUTE)),
       (325, 325, '烧伤,疼痛', 36.7, 96, '126/78', 99, 45, 'MALE', 0, 0, 0, 0, 0, 2, 1, 860, 1, 0, 'kiosk', DATE_SUB(@emg_seed_now, INTERVAL 12 MINUTE), 0, 0, DATE_SUB(@emg_seed_now, INTERVAL 12 MINUTE), DATE_SUB(@emg_seed_now, INTERVAL 12 MINUTE)),
       (326, 326, '咳血,胸闷', 37.0, 102, '134/84', 96, 42, 'FEMALE', 0, 0, 0, 0, 0, 2, 1, 900, 1, 0, 'kiosk', DATE_SUB(@emg_seed_now, INTERVAL 18 MINUTE), 0, 0, DATE_SUB(@emg_seed_now, INTERVAL 18 MINUTE), DATE_SUB(@emg_seed_now, INTERVAL 18 MINUTE)),
       (327, 327, '外伤,清创', 36.5, 88, '122/78', 99, 50, 'MALE', 1, 0, 0, 0, 1, 3, 1, 720, 0, 0, 'kiosk', DATE_SUB(@emg_seed_now, INTERVAL 16 MINUTE), 0, 0, DATE_SUB(@emg_seed_now, INTERVAL 16 MINUTE), DATE_SUB(@emg_seed_now, INTERVAL 16 MINUTE)),
       (328, 328, '腹痛,恶心', 36.8, 94, '128/80', 98, 34, 'FEMALE', 0, 0, 0, 0, 0, 3, 1, 700, 0, 0, 'kiosk', DATE_SUB(@emg_seed_now, INTERVAL 14 MINUTE), 0, 0, DATE_SUB(@emg_seed_now, INTERVAL 14 MINUTE), DATE_SUB(@emg_seed_now, INTERVAL 14 MINUTE)),
       (329, 329, '发热,咽痛', 38.1, 98, '118/74', 99, 39, 'MALE', 0, 0, 0, 0, 0, 4, 1, 520, 0, 0, 'kiosk', DATE_SUB(@emg_seed_now, INTERVAL 12 MINUTE), 0, 0, DATE_SUB(@emg_seed_now, INTERVAL 12 MINUTE), DATE_SUB(@emg_seed_now, INTERVAL 12 MINUTE)),
       (330, 330, '轻度外伤', 36.4, 82, '116/72', 99, 28, 'FEMALE', 0, 0, 0, 0, 0, 4, 1, 500, 0, 0, 'kiosk', DATE_SUB(@emg_seed_now, INTERVAL 10 MINUTE), 0, 0, DATE_SUB(@emg_seed_now, INTERVAL 10 MINUTE), DATE_SUB(@emg_seed_now, INTERVAL 10 MINUTE))
ON DUPLICATE KEY UPDATE
       visit_id = VALUES(visit_id),
       symptom_tags = VALUES(symptom_tags),
       body_temperature = VALUES(body_temperature),
       heart_rate = VALUES(heart_rate),
       blood_pressure = VALUES(blood_pressure),
       blood_oxygen = VALUES(blood_oxygen),
       age = VALUES(age),
       gender = VALUES(gender),
       elderly = VALUES(elderly),
       pregnant = VALUES(pregnant),
       child = VALUES(child),
       disabled = VALUES(disabled),
       revisit = VALUES(revisit),
       triage_level = VALUES(triage_level),
       recommend_dept_id = VALUES(recommend_dept_id),
       priority_score = VALUES(priority_score),
       fast_track = VALUES(fast_track),
       manual_adjust_score = VALUES(manual_adjust_score),
       assessor = VALUES(assessor),
       assessed_time = VALUES(assessed_time),
       deleted = VALUES(deleted),
       version = VALUES(version),
       created_time = VALUES(created_time),
       updated_time = VALUES(updated_time);

INSERT INTO queue_ticket (id, ticket_no, visit_id, patient_id, assessment_id, dept_id, room_id, triage_level, priority_score, status, recall_count, fast_track, source_type, source_remark, last_adjust_reason, enqueue_time, call_time, complete_time, deleted, version, created_time, updated_time)
VALUES (313, CONCAT(@emg_seed_date, '-1-0313'), 313, 313, 313, 1, 3, 1, 1180, 'WAITING', 0, 1, 'KIOSK', '院内自助机正式取号', NULL, DATE_SUB(@emg_seed_now, INTERVAL 42 MINUTE), NULL, NULL, 0, 0, DATE_SUB(@emg_seed_now, INTERVAL 42 MINUTE), DATE_SUB(@emg_seed_now, INTERVAL 42 MINUTE)),
       (314, CONCAT(@emg_seed_date, '-1-0314'), 314, 314, 314, 1, 1, 1, 1160, 'WAITING', 0, 1, 'KIOSK', '院内自助机正式取号', NULL, DATE_SUB(@emg_seed_now, INTERVAL 39 MINUTE), NULL, NULL, 0, 0, DATE_SUB(@emg_seed_now, INTERVAL 39 MINUTE), DATE_SUB(@emg_seed_now, INTERVAL 39 MINUTE)),
       (315, CONCAT(@emg_seed_date, '-1-0315'), 315, 315, 315, 1, 2, 2, 900, 'WAITING', 0, 1, 'KIOSK', '院内自助机正式取号', NULL, DATE_SUB(@emg_seed_now, INTERVAL 36 MINUTE), NULL, NULL, 0, 0, DATE_SUB(@emg_seed_now, INTERVAL 36 MINUTE), DATE_SUB(@emg_seed_now, INTERVAL 36 MINUTE)),
       (316, CONCAT(@emg_seed_date, '-1-0316'), 316, 316, 316, 1, 3, 2, 940, 'WAITING', 0, 1, 'KIOSK', '院内自助机正式取号', NULL, DATE_SUB(@emg_seed_now, INTERVAL 33 MINUTE), NULL, NULL, 0, 0, DATE_SUB(@emg_seed_now, INTERVAL 33 MINUTE), DATE_SUB(@emg_seed_now, INTERVAL 33 MINUTE)),
       (317, CONCAT(@emg_seed_date, '-1-0317'), 317, 317, 317, 1, 1, 2, 920, 'WAITING', 0, 1, 'KIOSK', '院内自助机正式取号', NULL, DATE_SUB(@emg_seed_now, INTERVAL 30 MINUTE), NULL, NULL, 0, 0, DATE_SUB(@emg_seed_now, INTERVAL 30 MINUTE), DATE_SUB(@emg_seed_now, INTERVAL 30 MINUTE)),
       (318, CONCAT(@emg_seed_date, '-1-0318'), 318, 318, 318, 1, 2, 3, 720, 'WAITING', 0, 0, 'KIOSK', '院内自助机正式取号', NULL, DATE_SUB(@emg_seed_now, INTERVAL 27 MINUTE), NULL, NULL, 0, 0, DATE_SUB(@emg_seed_now, INTERVAL 27 MINUTE), DATE_SUB(@emg_seed_now, INTERVAL 27 MINUTE)),
       (319, CONCAT(@emg_seed_date, '-1-0319'), 319, 319, 319, 1, 3, 2, 860, 'WAITING', 0, 1, 'KIOSK', '院内自助机正式取号', NULL, DATE_SUB(@emg_seed_now, INTERVAL 24 MINUTE), NULL, NULL, 0, 0, DATE_SUB(@emg_seed_now, INTERVAL 24 MINUTE), DATE_SUB(@emg_seed_now, INTERVAL 24 MINUTE)),
       (320, CONCAT(@emg_seed_date, '-1-0320'), 320, 320, 320, 1, 1, 4, 520, 'WAITING', 0, 0, 'KIOSK', '院内自助机正式取号', NULL, DATE_SUB(@emg_seed_now, INTERVAL 21 MINUTE), NULL, NULL, 0, 0, DATE_SUB(@emg_seed_now, INTERVAL 21 MINUTE), DATE_SUB(@emg_seed_now, INTERVAL 21 MINUTE)),
       (321, CONCAT(@emg_seed_date, '-1-0321'), 321, 321, 321, 1, 2, 4, 500, 'WAITING', 0, 0, 'KIOSK', '院内自助机正式取号', NULL, DATE_SUB(@emg_seed_now, INTERVAL 18 MINUTE), NULL, NULL, 0, 0, DATE_SUB(@emg_seed_now, INTERVAL 18 MINUTE), DATE_SUB(@emg_seed_now, INTERVAL 18 MINUTE)),
       (322, CONCAT(@emg_seed_date, '-1-0322'), 322, 322, 322, 1, 3, 3, 700, 'WAITING', 0, 0, 'KIOSK', '院内自助机正式取号', NULL, DATE_SUB(@emg_seed_now, INTERVAL 15 MINUTE), NULL, NULL, 0, 0, DATE_SUB(@emg_seed_now, INTERVAL 15 MINUTE), DATE_SUB(@emg_seed_now, INTERVAL 15 MINUTE)),
       (323, CONCAT(@emg_seed_date, '-1-0323'), 323, 323, 323, 1, 1, 2, 940, 'CALLING', 0, 1, 'KIOSK', '院内自助机正式取号', NULL, DATE_SUB(@emg_seed_now, INTERVAL 13 MINUTE), DATE_SUB(@emg_seed_now, INTERVAL 6 MINUTE), NULL, 0, 0, DATE_SUB(@emg_seed_now, INTERVAL 13 MINUTE), DATE_SUB(@emg_seed_now, INTERVAL 6 MINUTE)),
       (324, CONCAT(@emg_seed_date, '-1-0324'), 324, 324, 324, 1, 2, 3, 680, 'CALLING', 0, 0, 'KIOSK', '院内自助机正式取号', NULL, DATE_SUB(@emg_seed_now, INTERVAL 11 MINUTE), DATE_SUB(@emg_seed_now, INTERVAL 5 MINUTE), NULL, 0, 0, DATE_SUB(@emg_seed_now, INTERVAL 11 MINUTE), DATE_SUB(@emg_seed_now, INTERVAL 5 MINUTE)),
       (325, CONCAT(@emg_seed_date, '-1-0325'), 325, 325, 325, 1, 3, 2, 860, 'CALLING', 0, 1, 'KIOSK', '院内自助机正式取号', NULL, DATE_SUB(@emg_seed_now, INTERVAL 9 MINUTE), DATE_SUB(@emg_seed_now, INTERVAL 4 MINUTE), NULL, 0, 0, DATE_SUB(@emg_seed_now, INTERVAL 9 MINUTE), DATE_SUB(@emg_seed_now, INTERVAL 4 MINUTE)),
       (326, CONCAT(@emg_seed_date, '-1-0326'), 326, 326, 326, 1, 1, 2, 900, 'COMPLETED', 0, 1, 'KIOSK', '院内自助机正式取号', NULL, DATE_SUB(@emg_seed_now, INTERVAL 18 MINUTE), DATE_SUB(@emg_seed_now, INTERVAL 9 MINUTE), DATE_SUB(@emg_seed_now, INTERVAL 3 MINUTE), 0, 0, DATE_SUB(@emg_seed_now, INTERVAL 18 MINUTE), DATE_SUB(@emg_seed_now, INTERVAL 3 MINUTE)),
       (327, CONCAT(@emg_seed_date, '-1-0327'), 327, 327, 327, 1, 2, 3, 720, 'COMPLETED', 0, 0, 'KIOSK', '院内自助机正式取号', NULL, DATE_SUB(@emg_seed_now, INTERVAL 16 MINUTE), DATE_SUB(@emg_seed_now, INTERVAL 8 MINUTE), DATE_SUB(@emg_seed_now, INTERVAL 2 MINUTE), 0, 0, DATE_SUB(@emg_seed_now, INTERVAL 16 MINUTE), DATE_SUB(@emg_seed_now, INTERVAL 2 MINUTE)),
       (328, CONCAT(@emg_seed_date, '-1-0328'), 328, 328, 328, 1, 3, 3, 700, 'COMPLETED', 0, 0, 'KIOSK', '院内自助机正式取号', NULL, DATE_SUB(@emg_seed_now, INTERVAL 14 MINUTE), DATE_SUB(@emg_seed_now, INTERVAL 7 MINUTE), DATE_SUB(@emg_seed_now, INTERVAL 1 MINUTE), 0, 0, DATE_SUB(@emg_seed_now, INTERVAL 14 MINUTE), DATE_SUB(@emg_seed_now, INTERVAL 1 MINUTE)),
       (329, CONCAT(@emg_seed_date, '-1-0329'), 329, 329, 329, 1, 1, 4, 520, 'CANCELLED', 0, 0, 'KIOSK', '院内自助机正式取号', '患者改走人工窗口', DATE_SUB(@emg_seed_now, INTERVAL 12 MINUTE), NULL, NULL, 0, 0, DATE_SUB(@emg_seed_now, INTERVAL 12 MINUTE), DATE_SUB(@emg_seed_now, INTERVAL 6 MINUTE)),
       (330, CONCAT(@emg_seed_date, '-1-0330'), 330, 330, 330, 1, 2, 4, 500, 'CANCELLED', 0, 0, 'KIOSK', '院内自助机正式取号', '患者主动取消排队', DATE_SUB(@emg_seed_now, INTERVAL 10 MINUTE), NULL, NULL, 0, 0, DATE_SUB(@emg_seed_now, INTERVAL 10 MINUTE), DATE_SUB(@emg_seed_now, INTERVAL 3 MINUTE))
ON DUPLICATE KEY UPDATE
       ticket_no = VALUES(ticket_no),
       visit_id = VALUES(visit_id),
       patient_id = VALUES(patient_id),
       assessment_id = VALUES(assessment_id),
       dept_id = VALUES(dept_id),
       room_id = VALUES(room_id),
       triage_level = VALUES(triage_level),
       priority_score = VALUES(priority_score),
       status = VALUES(status),
       recall_count = VALUES(recall_count),
       fast_track = VALUES(fast_track),
       source_type = VALUES(source_type),
       source_remark = VALUES(source_remark),
       last_adjust_reason = VALUES(last_adjust_reason),
       enqueue_time = VALUES(enqueue_time),
       call_time = VALUES(call_time),
       complete_time = VALUES(complete_time),
       deleted = VALUES(deleted),
       version = VALUES(version),
       created_time = VALUES(created_time),
       updated_time = VALUES(updated_time);

INSERT INTO queue_event_log (id, ticket_no, event_type, from_status, to_status, visit_id, patient_id, dept_id, room_id, operator_name, source_type, source_remark, remark, deleted, version, created_time, updated_time)
VALUES (1301, CONCAT(@emg_seed_date, '-1-0313'), 'ENQUEUE', NULL, 'WAITING', 313, 313, 1, 3, 'kiosk', 'KIOSK', '院内自助机正式取号', '自助取号入队', 0, 0, DATE_SUB(@emg_seed_now, INTERVAL 42 MINUTE), DATE_SUB(@emg_seed_now, INTERVAL 42 MINUTE)),
       (1302, CONCAT(@emg_seed_date, '-1-0314'), 'ENQUEUE', NULL, 'WAITING', 314, 314, 1, 1, 'kiosk', 'KIOSK', '院内自助机正式取号', '自助取号入队', 0, 0, DATE_SUB(@emg_seed_now, INTERVAL 39 MINUTE), DATE_SUB(@emg_seed_now, INTERVAL 39 MINUTE)),
       (1303, CONCAT(@emg_seed_date, '-1-0315'), 'ENQUEUE', NULL, 'WAITING', 315, 315, 1, 2, 'kiosk', 'KIOSK', '院内自助机正式取号', '自助取号入队', 0, 0, DATE_SUB(@emg_seed_now, INTERVAL 36 MINUTE), DATE_SUB(@emg_seed_now, INTERVAL 36 MINUTE)),
       (1304, CONCAT(@emg_seed_date, '-1-0316'), 'ENQUEUE', NULL, 'WAITING', 316, 316, 1, 3, 'kiosk', 'KIOSK', '院内自助机正式取号', '自助取号入队', 0, 0, DATE_SUB(@emg_seed_now, INTERVAL 33 MINUTE), DATE_SUB(@emg_seed_now, INTERVAL 33 MINUTE)),
       (1305, CONCAT(@emg_seed_date, '-1-0317'), 'ENQUEUE', NULL, 'WAITING', 317, 317, 1, 1, 'kiosk', 'KIOSK', '院内自助机正式取号', '自助取号入队', 0, 0, DATE_SUB(@emg_seed_now, INTERVAL 30 MINUTE), DATE_SUB(@emg_seed_now, INTERVAL 30 MINUTE)),
       (1306, CONCAT(@emg_seed_date, '-1-0318'), 'ENQUEUE', NULL, 'WAITING', 318, 318, 1, 2, 'kiosk', 'KIOSK', '院内自助机正式取号', '自助取号入队', 0, 0, DATE_SUB(@emg_seed_now, INTERVAL 27 MINUTE), DATE_SUB(@emg_seed_now, INTERVAL 27 MINUTE)),
       (1307, CONCAT(@emg_seed_date, '-1-0319'), 'ENQUEUE', NULL, 'WAITING', 319, 319, 1, 3, 'kiosk', 'KIOSK', '院内自助机正式取号', '自助取号入队', 0, 0, DATE_SUB(@emg_seed_now, INTERVAL 24 MINUTE), DATE_SUB(@emg_seed_now, INTERVAL 24 MINUTE)),
       (1308, CONCAT(@emg_seed_date, '-1-0320'), 'ENQUEUE', NULL, 'WAITING', 320, 320, 1, 1, 'kiosk', 'KIOSK', '院内自助机正式取号', '自助取号入队', 0, 0, DATE_SUB(@emg_seed_now, INTERVAL 21 MINUTE), DATE_SUB(@emg_seed_now, INTERVAL 21 MINUTE)),
       (1309, CONCAT(@emg_seed_date, '-1-0321'), 'ENQUEUE', NULL, 'WAITING', 321, 321, 1, 2, 'kiosk', 'KIOSK', '院内自助机正式取号', '自助取号入队', 0, 0, DATE_SUB(@emg_seed_now, INTERVAL 18 MINUTE), DATE_SUB(@emg_seed_now, INTERVAL 18 MINUTE)),
       (1310, CONCAT(@emg_seed_date, '-1-0322'), 'ENQUEUE', NULL, 'WAITING', 322, 322, 1, 3, 'kiosk', 'KIOSK', '院内自助机正式取号', '自助取号入队', 0, 0, DATE_SUB(@emg_seed_now, INTERVAL 15 MINUTE), DATE_SUB(@emg_seed_now, INTERVAL 15 MINUTE)),
       (1311, CONCAT(@emg_seed_date, '-1-0323'), 'ENQUEUE', NULL, 'WAITING', 323, 323, 1, 1, 'kiosk', 'KIOSK', '院内自助机正式取号', '自助取号入队', 0, 0, DATE_SUB(@emg_seed_now, INTERVAL 13 MINUTE), DATE_SUB(@emg_seed_now, INTERVAL 13 MINUTE)),
       (1312, CONCAT(@emg_seed_date, '-1-0323'), 'CALL_NEXT', 'WAITING', 'CALLING', 323, 323, 1, 1, 'doctor.zhang', 'KIOSK', '院内自助机正式取号', '叫号', 0, 0, DATE_SUB(@emg_seed_now, INTERVAL 6 MINUTE), DATE_SUB(@emg_seed_now, INTERVAL 6 MINUTE)),
       (1313, CONCAT(@emg_seed_date, '-1-0324'), 'ENQUEUE', NULL, 'WAITING', 324, 324, 1, 2, 'kiosk', 'KIOSK', '院内自助机正式取号', '自助取号入队', 0, 0, DATE_SUB(@emg_seed_now, INTERVAL 11 MINUTE), DATE_SUB(@emg_seed_now, INTERVAL 11 MINUTE)),
       (1314, CONCAT(@emg_seed_date, '-1-0324'), 'CALL_NEXT', 'WAITING', 'CALLING', 324, 324, 1, 2, 'doctor.chen', 'KIOSK', '院内自助机正式取号', '叫号', 0, 0, DATE_SUB(@emg_seed_now, INTERVAL 5 MINUTE), DATE_SUB(@emg_seed_now, INTERVAL 5 MINUTE)),
       (1315, CONCAT(@emg_seed_date, '-1-0325'), 'ENQUEUE', NULL, 'WAITING', 325, 325, 1, 3, 'kiosk', 'KIOSK', '院内自助机正式取号', '自助取号入队', 0, 0, DATE_SUB(@emg_seed_now, INTERVAL 9 MINUTE), DATE_SUB(@emg_seed_now, INTERVAL 9 MINUTE)),
       (1316, CONCAT(@emg_seed_date, '-1-0325'), 'CALL_NEXT', 'WAITING', 'CALLING', 325, 325, 1, 3, 'doctor.huang', 'KIOSK', '院内自助机正式取号', '叫号', 0, 0, DATE_SUB(@emg_seed_now, INTERVAL 4 MINUTE), DATE_SUB(@emg_seed_now, INTERVAL 4 MINUTE)),
       (1317, CONCAT(@emg_seed_date, '-1-0326'), 'ENQUEUE', NULL, 'WAITING', 326, 326, 1, 1, 'kiosk', 'KIOSK', '院内自助机正式取号', '自助取号入队', 0, 0, DATE_SUB(@emg_seed_now, INTERVAL 18 MINUTE), DATE_SUB(@emg_seed_now, INTERVAL 18 MINUTE)),
       (1318, CONCAT(@emg_seed_date, '-1-0326'), 'CALL_NEXT', 'WAITING', 'CALLING', 326, 326, 1, 1, 'doctor.zhang', 'KIOSK', '院内自助机正式取号', '叫号', 0, 0, DATE_SUB(@emg_seed_now, INTERVAL 9 MINUTE), DATE_SUB(@emg_seed_now, INTERVAL 9 MINUTE)),
       (1319, CONCAT(@emg_seed_date, '-1-0326'), 'COMPLETE', 'CALLING', 'COMPLETED', 326, 326, 1, 1, 'doctor.zhang', 'KIOSK', '院内自助机正式取号', '完成接诊', 0, 0, DATE_SUB(@emg_seed_now, INTERVAL 3 MINUTE), DATE_SUB(@emg_seed_now, INTERVAL 3 MINUTE)),
       (1320, CONCAT(@emg_seed_date, '-1-0327'), 'ENQUEUE', NULL, 'WAITING', 327, 327, 1, 2, 'kiosk', 'KIOSK', '院内自助机正式取号', '自助取号入队', 0, 0, DATE_SUB(@emg_seed_now, INTERVAL 16 MINUTE), DATE_SUB(@emg_seed_now, INTERVAL 16 MINUTE)),
       (1321, CONCAT(@emg_seed_date, '-1-0327'), 'CALL_NEXT', 'WAITING', 'CALLING', 327, 327, 1, 2, 'doctor.chen', 'KIOSK', '院内自助机正式取号', '叫号', 0, 0, DATE_SUB(@emg_seed_now, INTERVAL 8 MINUTE), DATE_SUB(@emg_seed_now, INTERVAL 8 MINUTE)),
       (1322, CONCAT(@emg_seed_date, '-1-0327'), 'COMPLETE', 'CALLING', 'COMPLETED', 327, 327, 1, 2, 'doctor.chen', 'KIOSK', '院内自助机正式取号', '完成接诊', 0, 0, DATE_SUB(@emg_seed_now, INTERVAL 2 MINUTE), DATE_SUB(@emg_seed_now, INTERVAL 2 MINUTE)),
       (1323, CONCAT(@emg_seed_date, '-1-0328'), 'ENQUEUE', NULL, 'WAITING', 328, 328, 1, 3, 'kiosk', 'KIOSK', '院内自助机正式取号', '自助取号入队', 0, 0, DATE_SUB(@emg_seed_now, INTERVAL 14 MINUTE), DATE_SUB(@emg_seed_now, INTERVAL 14 MINUTE)),
       (1324, CONCAT(@emg_seed_date, '-1-0328'), 'CALL_NEXT', 'WAITING', 'CALLING', 328, 328, 1, 3, 'doctor.huang', 'KIOSK', '院内自助机正式取号', '叫号', 0, 0, DATE_SUB(@emg_seed_now, INTERVAL 7 MINUTE), DATE_SUB(@emg_seed_now, INTERVAL 7 MINUTE)),
       (1325, CONCAT(@emg_seed_date, '-1-0328'), 'COMPLETE', 'CALLING', 'COMPLETED', 328, 328, 1, 3, 'doctor.huang', 'KIOSK', '院内自助机正式取号', '完成接诊', 0, 0, DATE_SUB(@emg_seed_now, INTERVAL 1 MINUTE), DATE_SUB(@emg_seed_now, INTERVAL 1 MINUTE)),
       (1326, CONCAT(@emg_seed_date, '-1-0329'), 'ENQUEUE', NULL, 'WAITING', 329, 329, 1, 1, 'kiosk', 'KIOSK', '院内自助机正式取号', '自助取号入队', 0, 0, DATE_SUB(@emg_seed_now, INTERVAL 12 MINUTE), DATE_SUB(@emg_seed_now, INTERVAL 12 MINUTE)),
       (1327, CONCAT(@emg_seed_date, '-1-0329'), 'CANCEL', 'WAITING', 'CANCELLED', 329, 329, 1, 1, 'admin', 'KIOSK', '院内自助机正式取号', '改走人工窗口', 0, 0, DATE_SUB(@emg_seed_now, INTERVAL 6 MINUTE), DATE_SUB(@emg_seed_now, INTERVAL 6 MINUTE)),
       (1328, CONCAT(@emg_seed_date, '-1-0330'), 'ENQUEUE', NULL, 'WAITING', 330, 330, 1, 2, 'kiosk', 'KIOSK', '院内自助机正式取号', '自助取号入队', 0, 0, DATE_SUB(@emg_seed_now, INTERVAL 10 MINUTE), DATE_SUB(@emg_seed_now, INTERVAL 10 MINUTE)),
       (1329, CONCAT(@emg_seed_date, '-1-0330'), 'CANCEL', 'WAITING', 'CANCELLED', 330, 330, 1, 2, 'admin', 'KIOSK', '院内自助机正式取号', '患者主动取消', 0, 0, DATE_SUB(@emg_seed_now, INTERVAL 3 MINUTE), DATE_SUB(@emg_seed_now, INTERVAL 3 MINUTE))
ON DUPLICATE KEY UPDATE
       ticket_no = VALUES(ticket_no),
       event_type = VALUES(event_type),
       from_status = VALUES(from_status),
       to_status = VALUES(to_status),
       visit_id = VALUES(visit_id),
       patient_id = VALUES(patient_id),
       dept_id = VALUES(dept_id),
       room_id = VALUES(room_id),
       operator_name = VALUES(operator_name),
       source_type = VALUES(source_type),
       source_remark = VALUES(source_remark),
       remark = VALUES(remark),
       deleted = VALUES(deleted),
       version = VALUES(version),
       created_time = VALUES(created_time),
       updated_time = VALUES(updated_time);
